Order_ID,Order_Date,SKU,Product_Name,Category,Region,Store_Type,Units_Sold,Unit_Price,Discount,Revenue,Profit,Customer_Age,Gender,Payment_Method,image_url
101178,9/21/2024,AD-1877-D,Tiro 23 Track Pants,Apparel,Asia-Pacific,Online,5,49.68,0,248.4,70.4,35,Female,NetBanking,https://assets.adidas.com/images/w_600%2Cf_auto%2Cq_auto/d02df6c17bf34147ae3faef5011f4841_9366/Tiro_23_League_Training_Pants_Black_HS7230_01_laydown.jpg
100865,9/4/2024,AD-1745-B,Essentials Tee,Apparel,Europe,Online,2,27.07,0,54.14,11.35,48,Female,NetBanking,https://shop.simon.com/cdn/shop/files/3f84ca8be8d64d3fb9b66db4a3b02046.jpg
100101,9/24/2024,AD-8110-A,Superstar,Footwear,Asia-Pacific,Online,3,96.58,20,231.79,61.86,34,Male,Debit Card,https://footdistrict.com/cdn/shop/files/sneakers-adidas-originals-superstar-eg4958-0.jpg
100439,1/3/2024,AD-4892-C,Performance Socks (3-pack),Accessories,Latin America,Retail,5,17.49,10,78.7,35.99,30,Female,Apple Pay,https://assets.adidas.com/images/w_940%2Cf_auto%2Cq_auto/717ff966f0854fe089472eb7a83debd8_9366/JC6446_03_standard_hover.jpg
100058,10/7/2023,AD-8657-B,Originals Backpack,Accessories,Europe,Retail,3,58.96,5,168.04,68.38,30,Female,PayPal,https://assets.adidas.com/images/w_940%2Cf_auto%2Cq_auto/6e58dbe12eed418ba809246a19b2bd7d_9366/IU0178_01_00_standard.jpg
101120,10/30/2024,AD-5267-A,Adicolor Hoodie,Apparel,Europe,Online,1,72.5,5,68.88,16.65,32,Female,Apple Pay,https://assets.adidas.com/images/w_940%2Cf_auto%2Cq_auto/cb64f14e00914389b9790ba55a528715_9366/JW5965_21_model.jpg
100323,5/3/2023,AD-3735-C,Ultraboost 22,Footwear,Asia-Pacific,Online,4,182.16,0,728.64,227.81,29,Female,NetBanking,https://justfreshkicks.com/wp-content/uploads/2021/12/adidas-Ultra-Boost-2022-Triple-White-GX5459-Release-Date-Price.jpeg
100974,12/23/2023,AD-7305-C,Originals Backpack,Accessories,Middle East & Africa,Retail,3,57.19,0,171.57,52.43,49,Female,Debit Card,https://assets.adidas.com/images/w_940%2Cf_auto%2Cq_auto/6e58dbe12eed418ba809246a19b2bd7d_9366/IU0178_01_00_standard.jpg
100411,10/30/2023,AD-4842-A,Copa Sense,Footwear,Europe,Online,3,152.09,10,410.64,93.96,27,Female,Cash,https://res.cloudinary.com/dtc2q8arn/image/upload/v1727704399/Batch%204_5/GZ1370/GZ1370_1_FOOTWEAR_Photography_Side_Lateral_Center_View_grey_ooqo8x.jpg
100855,5/4/2023,AD-2386-C,Sports Bottle,Accessories,North America,Retail,1,15.26,20,12.21,3.82,33,Male,Google Pay,https://assets.adidas.com/images/w_940%2Cf_auto%2Cq_auto/dffb7992446842a98f73aa860118cfee_9366/FM9931_01_00_standard.jpg
100820,12/19/2023,AD-3148-C,Performance Socks (3-pack),Accessories,North America,Outlet,1,18.61,20,14.89,6.07,25,Male,Google Pay,https://assets.adidas.com/images/w_940%2Cf_auto%2Cq_auto/717ff966f0854fe089472eb7a83debd8_9366/JC6446_03_standard_hover.jpg
100044,6/16/2024,AD-2146-C,Sports Bottle,Accessories,Middle East & Africa,Retail,1,14.47,0,14.47,3.08,34,Male,Apple Pay,https://assets.adidas.com/images/w_940%2Cf_auto%2Cq_auto/dffb7992446842a98f73aa860118cfee_9366/FM9931_01_00_standard.jpg
100049,4/6/2023,AD-8784-A,Adicolor Hoodie,Apparel,North America,Online,2,64.26,0,128.52,48.57,18,Male,UPI,https://assets.adidas.com/images/w_940%2Cf_auto%2Cq_auto/cb64f14e00914389b9790ba55a528715_9366/JW5965_21_model.jpg
100849,7/7/2023,AD-6074-D,Training Cap,Accessories,Europe,Online,5,21.03,10,94.64,38.46,39,Male,Google Pay,https://res.cloudinary.com/dtc2q8arn/image/upload/v1723744392/Go%20Live%20images/Batch%203/IP2780/IP2780_1_HARDWARE_Photography_Front_Center_View_grey_jkmmpe.jpg
100240,3/25/2024,AD-4836-C,Adicolor Hoodie,Apparel,Asia-Pacific,Retail,2,64.45,0,128.9,40.96,42,Male,NetBanking,https://assets.adidas.com/images/w_940%2Cf_auto%2Cq_auto/cb64f14e00914389b9790ba55a528715_9366/JW5965_21_model.jpg
100170,10/9/2024,AD-4941-D,Gym Bag,Accessories,Asia-Pacific,Online,4,44.19,0,176.76,58.37,36,Male,Cash,https://assets.adidas.com/images/w_600%2Cf_auto%2Cq_auto/d525201fecc84b71af1761f4e9cc371a_9366/Lounge_Duffel_Bag_Grey_JK5352_01_00_standard.jpg
100523,6/20/2024,AD-6044-C,Sports Bottle,Accessories,Europe,Retail,4,13.98,5,53.12,18.21,51,Female,Google Pay,https://assets.adidas.com/images/w_940%2Cf_auto%2Cq_auto/dffb7992446842a98f73aa860118cfee_9366/FM9931_01_00_standard.jpg
100765,7/7/2025,AD-4867-A,Training Shorts,Apparel,Latin America,Online,3,31,0,93,32.93,21,Female,PayPal,https://assets.adidas.com/images/w_600%2Cf_auto%2Cq_auto/14732790a86d43329cf8df8f1c77367e_9366/Designed_for_Training_Workout_Shorts_Black_IK9723_01_laydown.jpg
100838,6/7/2024,AD-4954-C,Sports Bottle,Accessories,Europe,Retail,2,15.85,5,30.11,12,35,Male,NetBanking,https://assets.adidas.com/images/w_940%2Cf_auto%2Cq_auto/dffb7992446842a98f73aa860118cfee_9366/FM9931_01_00_standard.jpg
100423,7/17/2024,AD-2442-D,Primegreen Jacket,Apparel,North America,Retail,5,150.73,5,715.97,194.99,42,Female,Google Pay,"https://assets.adidas.com/images/c_fill,g_auto,w_1200,h_630,f_auto,q_auto/w_600,f_auto,q_auto/8d7b43159e2643c08d3fad250061730c_9366/Essentials_Warm-Up_3-Stripes_Track_Jacket_Black_H46099_01_laydown.jpg"
100380,5/13/2025,AD-8259-C,Training Cap,Accessories,Asia-Pacific,Wholesale,2,19.09,0,38.18,15.81,30,Male,NetBanking,https://res.cloudinary.com/dtc2q8arn/image/upload/v1723744392/Go%20Live%20images/Batch%203/IP2780/IP2780_1_HARDWARE_Photography_Front_Center_View_grey_jkmmpe.jpg
100609,8/1/2024,AD-2084-B,Z.N.E. Hoodie,Apparel,North America,Retail,6,129.95,0,779.7,212.91,32,Male,Cash,https://assets.adidas.com/images/w_940%2Cf_auto%2Cq_auto/513a21b39fd644cf83561016dfa26f68_9366/JE7537_21_model.jpg
100676,12/9/2024,AD-1616-B,Predator Freak,Footwear,Asia-Pacific,Retail,3,226.72,20,544.13,140.89,16,Male,PayPal,https://www.soccervillage.com/mm5/graphics/00000001/1/fy0610_g01.jpg
100344,5/6/2023,AD-9128-A,Ultraboost Light,Footwear,North America,Wholesale,3,146.78,0,440.34,112.48,42,Male,Apple Pay,https://res.cloudinary.com/dtc2q8arn/image/upload/v1723747674/Go%20Live%20images/Batch%203/ID3316/ID3316_14_FOOTWEAR_Photography_HeroMrktng_View_3_uk3cpt.jpg
100109,9/13/2024,AD-2591-A,Training Shorts,Apparel,North America,Online,3,28.99,20,69.58,18.35,37,Female,PayPal,https://assets.adidas.com/images/w_600%2Cf_auto%2Cq_auto/14732790a86d43329cf8df8f1c77367e_9366/Designed_for_Training_Workout_Shorts_Black_IK9723_01_laydown.jpg
100277,8/23/2025,AD-9180-B,Adilette Slides,Footwear,North America,Retail,4,34.95,5,132.81,48.4,26,Female,Apple Pay,https://assets.adidas.com/images/w_600%2Cf_auto%2Cq_auto/69e60b96568f41ac8fa4afd3012d46e3_9366/Adilette_Aqua_Slides_Black_IF7371_01_standard.jpg
100677,1/4/2025,AD-1074-B,Training Cap,Accessories,North America,Outlet,4,22.08,0,88.32,19.61,24,Male,Apple Pay,https://res.cloudinary.com/dtc2q8arn/image/upload/v1723744392/Go%20Live%20images/Batch%203/IP2780/IP2780_1_HARDWARE_Photography_Front_Center_View_grey_jkmmpe.jpg
100570,9/19/2023,AD-1136-A,Copa Sense,Footwear,North America,Retail,3,146.31,10,395.04,83.22,20,Male,Google Pay,https://res.cloudinary.com/dtc2q8arn/image/upload/v1727704399/Batch%204_5/GZ1370/GZ1370_1_FOOTWEAR_Photography_Side_Lateral_Center_View_grey_ooqo8x.jpg
100358,5/21/2025,AD-2705-D,Running Watch Strap,Accessories,Asia-Pacific,Wholesale,1,41.79,10,37.61,11.63,29,Female,UPI,https://assets.adidas.com/images/w_940%2Cf_auto%2Cq_auto/bfdb966c006f4a02a9b6ad0e00a5b1b4_9366/Running_Strap_Black_HN5572_01_standard.jpg
100598,7/2/2023,AD-8460-C,Copa Sense,Footwear,Asia-Pacific,Retail,3,136.5,0,409.5,106.79,31,Female,PayPal,https://res.cloudinary.com/dtc2q8arn/image/upload/v1727704399/Batch%204_5/GZ1370/GZ1370_1_FOOTWEAR_Photography_Side_Lateral_Center_View_grey_ooqo8x.jpg
100390,6/7/2024,AD-2045-C,Training Shorts,Apparel,Asia-Pacific,Online,4,28.95,0,115.8,33.4,18,Female,Google Pay,https://assets.adidas.com/images/w_600%2Cf_auto%2Cq_auto/14732790a86d43329cf8df8f1c77367e_9366/Designed_for_Training_Workout_Shorts_Black_IK9723_01_laydown.jpg
100893,12/3/2023,AD-4654-B,Copa Sense,Footwear,Latin America,Outlet,5,160.34,10,721.53,215.58,39,Male,Credit Card,https://res.cloudinary.com/dtc2q8arn/image/upload/v1727704399/Batch%204_5/GZ1370/GZ1370_1_FOOTWEAR_Photography_Side_Lateral_Center_View_grey_ooqo8x.jpg
100692,9/2/2023,AD-8452-D,Superstar,Footwear,Asia-Pacific,Online,3,84.09,10,227.04,53.17,30,Male,Credit Card,https://footdistrict.com/cdn/shop/files/sneakers-adidas-originals-superstar-eg4958-0.jpg
100727,3/3/2024,AD-6104-C,Performance Socks (3-pack),Accessories,North America,Online,4,18.77,0,75.08,28.42,34,Male,Cash,https://assets.adidas.com/images/w_940%2Cf_auto%2Cq_auto/717ff966f0854fe089472eb7a83debd8_9366/JC6446_03_standard_hover.jpg
100362,3/18/2025,AD-5831-A,Running Watch Strap,Accessories,Asia-Pacific,Online,4,39.46,0,157.84,46.87,21,Male,Credit Card,https://assets.adidas.com/images/w_940%2Cf_auto%2Cq_auto/bfdb966c006f4a02a9b6ad0e00a5b1b4_9366/Running_Strap_Black_HN5572_01_standard.jpg
100596,9/26/2024,AD-1601-B,Sports Bottle,Accessories,North America,Online,1,13.56,0,13.56,5.32,34,Male,Cash,https://assets.adidas.com/images/w_940%2Cf_auto%2Cq_auto/dffb7992446842a98f73aa860118cfee_9366/FM9931_01_00_standard.jpg
100427,4/27/2023,AD-9973-C,Stan Smith,Footwear,North America,Online,2,87.17,0,174.34,55.33,26,Female,NetBanking,https://assets.adidas.com/images/w_600%2Cf_auto%2Cq_auto/69721f2e7c934d909168a80e00818569_9366/Stan_Smith_Shoes_White_M20324_01_standard.jpg
100070,8/6/2023,AD-1166-B,Training Shorts,Apparel,Europe,Outlet,4,31.14,0,124.56,35.28,39,Female,NetBanking,https://assets.adidas.com/images/w_600%2Cf_auto%2Cq_auto/14732790a86d43329cf8df8f1c77367e_9366/Designed_for_Training_Workout_Shorts_Black_IK9723_01_laydown.jpg
100321,9/24/2025,AD-6081-D,Predator Freak,Footwear,Europe,Retail,4,233.68,0,934.72,328.49,19,Female,Debit Card,https://www.soccervillage.com/mm5/graphics/00000001/1/fy0610_g01.jpg
100652,10/4/2023,AD-4193-C,Essentials Tee,Apparel,North America,Retail,3,27.31,0,81.93,29.76,30,Male,UPI,https://shop.simon.com/cdn/shop/files/3f84ca8be8d64d3fb9b66db4a3b02046.jpg
101065,4/10/2025,AD-6247-B,Superstar,Footwear,Latin America,Wholesale,7,95.23,0,666.61,186.65,24,Female,PayPal,https://footdistrict.com/cdn/shop/files/sneakers-adidas-originals-superstar-eg4958-0.jpg
100107,4/20/2023,AD-7484-C,Adicolor Hoodie,Apparel,Europe,Online,2,70.5,5,133.95,41.43,42,Female,Credit Card,https://assets.adidas.com/images/w_940%2Cf_auto%2Cq_auto/cb64f14e00914389b9790ba55a528715_9366/JW5965_21_model.jpg
101108,12/27/2023,AD-8517-D,Training Shorts,Apparel,Europe,Wholesale,5,34.01,0,170.05,38.42,16,Male,PayPal,https://assets.adidas.com/images/w_600%2Cf_auto%2Cq_auto/14732790a86d43329cf8df8f1c77367e_9366/Designed_for_Training_Workout_Shorts_Black_IK9723_01_laydown.jpg
100355,9/10/2025,AD-6285-B,Superstar,Footwear,Middle East & Africa,Online,2,97.13,5,184.55,50.99,29,Male,NetBanking,https://footdistrict.com/cdn/shop/files/sneakers-adidas-originals-superstar-eg4958-0.jpg
100950,8/13/2024,AD-7524-D,Performance Socks (3-pack),Accessories,North America,Outlet,7,16.89,0,118.23,46.38,22,Male,Cash,https://assets.adidas.com/images/w_940%2Cf_auto%2Cq_auto/717ff966f0854fe089472eb7a83debd8_9366/JC6446_03_standard_hover.jpg
100342,1/13/2023,AD-2376-C,Ultraboost Light,Footwear,Middle East & Africa,Online,4,128.36,0,513.44,113.36,26,Female,Cash,https://res.cloudinary.com/dtc2q8arn/image/upload/v1723747674/Go%20Live%20images/Batch%203/ID3316/ID3316_14_FOOTWEAR_Photography_HeroMrktng_View_3_uk3cpt.jpg
100354,1/4/2025,AD-2817-C,Copa Sense,Footwear,Latin America,Online,2,172.35,0,344.7,131.25,29,Male,PayPal,https://res.cloudinary.com/dtc2q8arn/image/upload/v1727704399/Batch%204_5/GZ1370/GZ1370_1_FOOTWEAR_Photography_Side_Lateral_Center_View_grey_ooqo8x.jpg
100023,10/13/2023,AD-1828-A,Performance Socks (3-pack),Accessories,Latin America,Online,3,19.08,20,45.79,19.61,41,Female,Debit Card,https://assets.adidas.com/images/w_940%2Cf_auto%2Cq_auto/717ff966f0854fe089472eb7a83debd8_9366/JC6446_03_standard_hover.jpg
100043,3/22/2024,AD-8144-A,NMD_R1,Footwear,North America,Outlet,5,123.22,0,616.1,217.11,24,Male,Credit Card,https://assets.adidas.com/images/w_940%2Cf_auto%2Cq_auto/8563f8e2e30a4df4821eae1e002e3dc9_9366/GW5698_01_00_standard.jpg
100243,9/22/2025,AD-7688-B,Training Shorts,Apparel,Asia-Pacific,Retail,4,30.87,0,123.48,26.64,22,Male,Apple Pay,https://assets.adidas.com/images/w_600%2Cf_auto%2Cq_auto/14732790a86d43329cf8df8f1c77367e_9366/Designed_for_Training_Workout_Shorts_Black_IK9723_01_laydown.jpg
100737,12/22/2024,AD-8486-C,Tiro 23 Track Pants,Apparel,North America,Online,2,56.88,0,113.76,35.37,23,Male,NetBanking,https://assets.adidas.com/images/w_600%2Cf_auto%2Cq_auto/d02df6c17bf34147ae3faef5011f4841_9366/Tiro_23_League_Training_Pants_Black_HS7230_01_laydown.jpg
101135,7/29/2024,AD-2225-D,Superstar,Footwear,Asia-Pacific,Retail,2,99.59,5,189.22,63.97,36,Male,NetBanking,https://footdistrict.com/cdn/shop/files/sneakers-adidas-originals-superstar-eg4958-0.jpg
100367,3/31/2023,AD-3798-C,Tiro 23 Track Pants,Apparel,Asia-Pacific,Retail,4,54.87,0,219.48,49.53,24,Male,UPI,https://assets.adidas.com/images/w_600%2Cf_auto%2Cq_auto/d02df6c17bf34147ae3faef5011f4841_9366/Tiro_23_League_Training_Pants_Black_HS7230_01_laydown.jpg
100163,10/18/2024,AD-5670-A,Training Cap,Accessories,Asia-Pacific,Online,1,23.03,0,23.03,8.06,32,Female,Debit Card,https://res.cloudinary.com/dtc2q8arn/image/upload/v1723744392/Go%20Live%20images/Batch%203/IP2780/IP2780_1_HARDWARE_Photography_Front_Center_View_grey_jkmmpe.jpg
101115,9/9/2025,AD-1845-D,Running Watch Strap,Accessories,North America,Wholesale,5,38.71,0,193.55,41.29,18,Male,Apple Pay,https://assets.adidas.com/images/w_940%2Cf_auto%2Cq_auto/bfdb966c006f4a02a9b6ad0e00a5b1b4_9366/Running_Strap_Black_HN5572_01_standard.jpg
100332,8/12/2025,AD-6488-A,Originals Backpack,Accessories,Europe,Retail,3,60.91,10,164.46,65.8,41,Female,Credit Card,https://assets.adidas.com/images/w_940%2Cf_auto%2Cq_auto/6e58dbe12eed418ba809246a19b2bd7d_9366/IU0178_01_00_standard.jpg
100988,5/27/2025,AD-1353-D,Training Cap,Accessories,North America,Outlet,2,19.41,0,38.82,9.38,24,Female,PayPal,https://res.cloudinary.com/dtc2q8arn/image/upload/v1723744392/Go%20Live%20images/Batch%203/IP2780/IP2780_1_HARDWARE_Photography_Front_Center_View_grey_jkmmpe.jpg
101172,9/3/2025,AD-5764-B,Superstar,Footwear,North America,Retail,2,82.12,0,164.24,57.54,51,Male,Debit Card,https://footdistrict.com/cdn/shop/files/sneakers-adidas-originals-superstar-eg4958-0.jpg
101001,10/30/2024,AD-9292-C,Copa Sense,Footwear,North America,Retail,3,131.82,10,355.91,114.03,32,Male,Debit Card,https://res.cloudinary.com/dtc2q8arn/image/upload/v1727704399/Batch%204_5/GZ1370/GZ1370_1_FOOTWEAR_Photography_Side_Lateral_Center_View_grey_ooqo8x.jpg
100377,6/7/2025,AD-1613-B,Sports Bottle,Accessories,Latin America,Online,2,15,0,30,9.56,24,Female,Google Pay,https://assets.adidas.com/images/w_940%2Cf_auto%2Cq_auto/dffb7992446842a98f73aa860118cfee_9366/FM9931_01_00_standard.jpg
100309,11/11/2024,AD-2494-A,Copa Sense,Footwear,Asia-Pacific,Retail,4,151.45,10,545.22,165.42,36,Female,Apple Pay,https://res.cloudinary.com/dtc2q8arn/image/upload/v1727704399/Batch%204_5/GZ1370/GZ1370_1_FOOTWEAR_Photography_Side_Lateral_Center_View_grey_ooqo8x.jpg
100155,8/19/2024,AD-2388-C,Predator Freak,Footwear,Europe,Retail,2,210.8,0,421.6,98.14,22,Female,PayPal,https://www.soccervillage.com/mm5/graphics/00000001/1/fy0610_g01.jpg
100210,7/15/2023,AD-2020-B,Ultraboost 22,Footwear,Europe,Online,3,166.49,5,474.5,157.64,25,Male,Google Pay,https://justfreshkicks.com/wp-content/uploads/2021/12/adidas-Ultra-Boost-2022-Triple-White-GX5459-Release-Date-Price.jpeg
100086,1/27/2023,AD-5415-A,Superstar,Footwear,Asia-Pacific,Outlet,4,91.09,20,291.49,72.01,25,Female,Credit Card,https://footdistrict.com/cdn/shop/files/sneakers-adidas-originals-superstar-eg4958-0.jpg
100168,9/20/2023,AD-5720-B,Adilette Slides,Footwear,Europe,Retail,3,37.99,0,113.97,40.85,27,Male,Debit Card,https://assets.adidas.com/images/w_600%2Cf_auto%2Cq_auto/69e60b96568f41ac8fa4afd3012d46e3_9366/Adilette_Aqua_Slides_Black_IF7371_01_standard.jpg
100994,8/30/2024,AD-7498-D,Originals Backpack,Accessories,Asia-Pacific,Online,2,56.14,0,112.28,38.53,17,Male,UPI,https://assets.adidas.com/images/w_940%2Cf_auto%2Cq_auto/6e58dbe12eed418ba809246a19b2bd7d_9366/IU0178_01_00_standard.jpg
100051,11/2/2024,AD-3881-D,Ultraboost 22,Footwear,Latin America,Outlet,2,193.1,0,386.2,111.95,30,Female,UPI,https://justfreshkicks.com/wp-content/uploads/2021/12/adidas-Ultra-Boost-2022-Triple-White-GX5459-Release-Date-Price.jpeg
100438,2/7/2025,AD-4342-A,Copa Sense,Footwear,Asia-Pacific,Online,2,168.9,0,337.8,115.68,17,Male,NetBanking,https://res.cloudinary.com/dtc2q8arn/image/upload/v1727704399/Batch%204_5/GZ1370/GZ1370_1_FOOTWEAR_Photography_Side_Lateral_Center_View_grey_ooqo8x.jpg
100549,9/10/2025,AD-3931-D,Gym Bag,Accessories,Asia-Pacific,Retail,4,43.59,10,156.92,58.82,28,Male,UPI,https://assets.adidas.com/images/w_600%2Cf_auto%2Cq_auto/d525201fecc84b71af1761f4e9cc371a_9366/Lounge_Duffel_Bag_Grey_JK5352_01_00_standard.jpg
100490,8/16/2023,AD-1941-B,Training Shorts,Apparel,North America,Online,4,29.52,10,106.27,29.71,33,Other,NetBanking,https://assets.adidas.com/images/w_600%2Cf_auto%2Cq_auto/14732790a86d43329cf8df8f1c77367e_9366/Designed_for_Training_Workout_Shorts_Black_IK9723_01_laydown.jpg
100425,4/25/2025,AD-8474-C,Superstar,Footwear,Middle East & Africa,Retail,2,91.8,0,183.6,31.17,31,Female,UPI,https://footdistrict.com/cdn/shop/files/sneakers-adidas-originals-superstar-eg4958-0.jpg
100135,7/4/2023,AD-7566-A,Essentials Tee,Apparel,Europe,Online,2,24.81,0,49.62,13.78,38,Male,PayPal,https://shop.simon.com/cdn/shop/files/3f84ca8be8d64d3fb9b66db4a3b02046.jpg
101191,10/13/2023,AD-3955-C,Tiro 23 Track Pants,Apparel,North America,Outlet,5,54.27,0,271.35,74.1,17,Male,Google Pay,https://assets.adidas.com/images/w_600%2Cf_auto%2Cq_auto/d02df6c17bf34147ae3faef5011f4841_9366/Tiro_23_League_Training_Pants_Black_HS7230_01_laydown.jpg
100054,10/3/2024,AD-9849-A,Adicolor Hoodie,Apparel,North America,Online,1,74.96,40,44.98,11.34,25,Male,Cash,https://assets.adidas.com/images/w_940%2Cf_auto%2Cq_auto/cb64f14e00914389b9790ba55a528715_9366/JW5965_21_model.jpg
100078,2/15/2024,AD-2395-B,Training Cap,Accessories,Asia-Pacific,Online,4,24.67,10,88.81,31.25,19,Male,NetBanking,https://res.cloudinary.com/dtc2q8arn/image/upload/v1723744392/Go%20Live%20images/Batch%203/IP2780/IP2780_1_HARDWARE_Photography_Front_Center_View_grey_jkmmpe.jpg
100430,2/14/2025,AD-8493-B,Originals Backpack,Accessories,Asia-Pacific,Retail,2,63.2,10,113.76,41.22,39,Male,Google Pay,https://assets.adidas.com/images/w_940%2Cf_auto%2Cq_auto/6e58dbe12eed418ba809246a19b2bd7d_9366/IU0178_01_00_standard.jpg
100184,9/13/2023,AD-5288-C,Stan Smith,Footwear,North America,Retail,2,75.76,10,136.37,38.76,17,Female,Debit Card,https://assets.adidas.com/images/w_600%2Cf_auto%2Cq_auto/69721f2e7c934d909168a80e00818569_9366/Stan_Smith_Shoes_White_M20324_01_standard.jpg
100056,3/1/2024,AD-7232-D,Ultraboost Light,Footwear,Europe,Outlet,3,154.34,20,370.42,121.89,35,Female,Credit Card,https://res.cloudinary.com/dtc2q8arn/image/upload/v1723747674/Go%20Live%20images/Batch%203/ID3316/ID3316_14_FOOTWEAR_Photography_HeroMrktng_View_3_uk3cpt.jpg
100942,5/30/2024,AD-6060-B,Running Watch Strap,Accessories,North America,Online,4,36.04,0,144.16,60.23,35,Female,Debit Card,https://assets.adidas.com/images/w_940%2Cf_auto%2Cq_auto/bfdb966c006f4a02a9b6ad0e00a5b1b4_9366/Running_Strap_Black_HN5572_01_standard.jpg
100850,7/10/2025,AD-9270-D,Z.N.E. Hoodie,Apparel,Europe,Retail,2,109.53,0,219.06,71.78,31,Female,PayPal,https://assets.adidas.com/images/w_940%2Cf_auto%2Cq_auto/513a21b39fd644cf83561016dfa26f68_9366/JE7537_21_model.jpg
101163,11/10/2024,AD-9484-D,Training Cap,Accessories,Europe,Outlet,3,23.8,40,42.84,21.01,44,Male,Cash,https://res.cloudinary.com/dtc2q8arn/image/upload/v1723744392/Go%20Live%20images/Batch%203/IP2780/IP2780_1_HARDWARE_Photography_Front_Center_View_grey_jkmmpe.jpg
100218,4/13/2023,AD-7666-D,Originals Backpack,Accessories,Europe,Retail,2,55.24,5,104.96,18.82,43,Male,PayPal,https://assets.adidas.com/images/w_940%2Cf_auto%2Cq_auto/6e58dbe12eed418ba809246a19b2bd7d_9366/IU0178_01_00_standard.jpg
100844,8/25/2024,AD-8210-D,Sports Bottle,Accessories,Europe,Online,3,15.38,0,46.14,14.62,35,Male,Apple Pay,https://assets.adidas.com/images/w_940%2Cf_auto%2Cq_auto/dffb7992446842a98f73aa860118cfee_9366/FM9931_01_00_standard.jpg
100113,2/11/2025,AD-2479-D,Adicolor Hoodie,Apparel,Asia-Pacific,Wholesale,4,76.99,0,307.96,66.06,23,Female,Cash,https://assets.adidas.com/images/w_940%2Cf_auto%2Cq_auto/cb64f14e00914389b9790ba55a528715_9366/JW5965_21_model.jpg
100548,3/24/2025,AD-2276-B,Ultraboost Light,Footwear,North America,Online,1,136.94,0,136.94,32.32,16,Male,NetBanking,https://res.cloudinary.com/dtc2q8arn/image/upload/v1723747674/Go%20Live%20images/Batch%203/ID3316/ID3316_14_FOOTWEAR_Photography_HeroMrktng_View_3_uk3cpt.jpg
101018,5/6/2024,AD-1227-B,Training Cap,Accessories,Middle East & Africa,Outlet,4,22.74,0,90.96,32.31,24,Female,Apple Pay,https://res.cloudinary.com/dtc2q8arn/image/upload/v1723744392/Go%20Live%20images/Batch%203/IP2780/IP2780_1_HARDWARE_Photography_Front_Center_View_grey_jkmmpe.jpg
101072,9/6/2023,AD-7184-A,Adilette Slides,Footwear,North America,Online,2,32.85,0,65.7,17.73,26,Female,PayPal,https://assets.adidas.com/images/w_600%2Cf_auto%2Cq_auto/69e60b96568f41ac8fa4afd3012d46e3_9366/Adilette_Aqua_Slides_Black_IF7371_01_standard.jpg
100174,10/8/2024,AD-4302-A,Copa Sense,Footwear,North America,Retail,3,161.7,0,485.1,128.55,32,Male,NetBanking,https://res.cloudinary.com/dtc2q8arn/image/upload/v1727704399/Batch%204_5/GZ1370/GZ1370_1_FOOTWEAR_Photography_Side_Lateral_Center_View_grey_ooqo8x.jpg
101022,5/9/2024,AD-9446-A,Tiro 23 Track Pants,Apparel,North America,Retail,2,59.29,40,71.15,25.9,21,Male,NetBanking,https://assets.adidas.com/images/w_600%2Cf_auto%2Cq_auto/d02df6c17bf34147ae3faef5011f4841_9366/Tiro_23_League_Training_Pants_Black_HS7230_01_laydown.jpg
100615,4/15/2024,AD-6460-D,Primegreen Jacket,Apparel,Europe,Online,3,149.82,0,449.46,118.22,25,Female,Debit Card,"https://assets.adidas.com/images/c_fill,g_auto,w_1200,h_630,f_auto,q_auto/w_600,f_auto,q_auto/8d7b43159e2643c08d3fad250061730c_9366/Essentials_Warm-Up_3-Stripes_Track_Jacket_Black_H46099_01_laydown.jpg"
100513,2/26/2024,AD-5663-C,Stan Smith,Footwear,Asia-Pacific,Retail,6,94.05,5,536.08,131.25,27,Female,PayPal,https://assets.adidas.com/images/w_600%2Cf_auto%2Cq_auto/69721f2e7c934d909168a80e00818569_9366/Stan_Smith_Shoes_White_M20324_01_standard.jpg
100461,5/12/2024,AD-6182-D,Performance Socks (3-pack),Accessories,Asia-Pacific,Retail,3,18.68,5,53.24,22.85,35,Male,Cash,https://assets.adidas.com/images/w_940%2Cf_auto%2Cq_auto/717ff966f0854fe089472eb7a83debd8_9366/JC6446_03_standard_hover.jpg
100286,7/19/2024,AD-4053-D,Copa Sense,Footwear,Europe,Retail,3,172.13,5,490.57,163.9,24,Female,PayPal,https://res.cloudinary.com/dtc2q8arn/image/upload/v1727704399/Batch%204_5/GZ1370/GZ1370_1_FOOTWEAR_Photography_Side_Lateral_Center_View_grey_ooqo8x.jpg
100381,10/3/2023,AD-8937-C,Originals Backpack,Accessories,North America,Online,4,64.82,0,259.28,65.5,36,Female,Apple Pay,https://assets.adidas.com/images/w_940%2Cf_auto%2Cq_auto/6e58dbe12eed418ba809246a19b2bd7d_9366/IU0178_01_00_standard.jpg
101007,10/10/2024,AD-7876-B,Adilette Slides,Footwear,Asia-Pacific,Retail,3,36.51,0,109.53,37.47,30,Male,PayPal,https://assets.adidas.com/images/w_600%2Cf_auto%2Cq_auto/69e60b96568f41ac8fa4afd3012d46e3_9366/Adilette_Aqua_Slides_Black_IF7371_01_standard.jpg
100670,9/6/2023,AD-8474-B,Predator Freak,Footwear,Asia-Pacific,Outlet,2,207.35,10,373.23,82.8,40,Female,Debit Card,https://www.soccervillage.com/mm5/graphics/00000001/1/fy0610_g01.jpg
100534,6/17/2024,AD-9534-A,Adilette Slides,Footwear,Asia-Pacific,Online,3,33.51,5,95.5,30.96,27,Male,Credit Card,https://assets.adidas.com/images/w_600%2Cf_auto%2Cq_auto/69e60b96568f41ac8fa4afd3012d46e3_9366/Adilette_Aqua_Slides_Black_IF7371_01_standard.jpg
100909,3/15/2025,AD-6468-B,Essentials Tee,Apparel,North America,Online,2,25.83,0,51.66,11.22,23,Male,UPI,https://shop.simon.com/cdn/shop/files/3f84ca8be8d64d3fb9b66db4a3b02046.jpg
100292,3/9/2024,AD-3733-D,Copa Sense,Footwear,Europe,Outlet,4,159.65,5,606.67,235.76,22,Female,PayPal,https://res.cloudinary.com/dtc2q8arn/image/upload/v1727704399/Batch%204_5/GZ1370/GZ1370_1_FOOTWEAR_Photography_Side_Lateral_Center_View_grey_ooqo8x.jpg
100123,3/28/2025,AD-6304-A,Copa Sense,Footwear,Latin America,Online,4,159.31,10,573.52,164.35,21,Male,UPI,https://res.cloudinary.com/dtc2q8arn/image/upload/v1727704399/Batch%204_5/GZ1370/GZ1370_1_FOOTWEAR_Photography_Side_Lateral_Center_View_grey_ooqo8x.jpg
100582,8/25/2023,AD-7126-B,Ultraboost 22,Footwear,Asia-Pacific,Retail,1,173.04,5,164.39,44.29,27,Male,Google Pay,https://justfreshkicks.com/wp-content/uploads/2021/12/adidas-Ultra-Boost-2022-Triple-White-GX5459-Release-Date-Price.jpeg
100140,1/8/2023,AD-2965-A,Adilette Slides,Footwear,North America,Online,1,36.07,5,34.27,6.22,34,Male,Cash,https://assets.adidas.com/images/w_600%2Cf_auto%2Cq_auto/69e60b96568f41ac8fa4afd3012d46e3_9366/Adilette_Aqua_Slides_Black_IF7371_01_standard.jpg
100735,1/11/2024,AD-7948-B,Running Watch Strap,Accessories,Asia-Pacific,Online,5,42.11,20,168.44,51.47,23,Female,Apple Pay,https://assets.adidas.com/images/w_940%2Cf_auto%2Cq_auto/bfdb966c006f4a02a9b6ad0e00a5b1b4_9366/Running_Strap_Black_HN5572_01_standard.jpg
100081,9/28/2023,AD-8699-C,Superstar,Footwear,North America,Online,3,105.4,20,252.96,54,41,Male,Google Pay,https://footdistrict.com/cdn/shop/files/sneakers-adidas-originals-superstar-eg4958-0.jpg
100881,3/18/2024,AD-8759-B,Ultraboost 22,Footwear,Asia-Pacific,Online,4,187.89,0,751.56,230.22,20,Male,Debit Card,https://justfreshkicks.com/wp-content/uploads/2021/12/adidas-Ultra-Boost-2022-Triple-White-GX5459-Release-Date-Price.jpeg
100739,7/3/2023,AD-2953-B,Ultraboost 22,Footwear,Europe,Online,5,176.55,0,882.75,279.53,31,Male,Debit Card,https://justfreshkicks.com/wp-content/uploads/2021/12/adidas-Ultra-Boost-2022-Triple-White-GX5459-Release-Date-Price.jpeg
101101,11/16/2024,AD-3695-B,Essentials Tee,Apparel,North America,Outlet,1,25.42,20,20.34,4.04,39,Male,NetBanking,https://shop.simon.com/cdn/shop/files/3f84ca8be8d64d3fb9b66db4a3b02046.jpg
100908,1/27/2024,AD-5825-A,Ultraboost 22,Footwear,North America,Retail,2,181.59,20,290.54,96.12,24,Male,Debit Card,https://justfreshkicks.com/wp-content/uploads/2021/12/adidas-Ultra-Boost-2022-Triple-White-GX5459-Release-Date-Price.jpeg
101166,10/16/2024,AD-9632-B,Stan Smith,Footwear,Latin America,Retail,2,74.08,0,148.16,37.58,41,Female,Google Pay,https://assets.adidas.com/images/w_600%2Cf_auto%2Cq_auto/69721f2e7c934d909168a80e00818569_9366/Stan_Smith_Shoes_White_M20324_01_standard.jpg
100936,3/27/2025,AD-4105-B,Copa Sense,Footwear,North America,Retail,2,170.34,0,340.68,87.76,16,Female,Cash,https://res.cloudinary.com/dtc2q8arn/image/upload/v1727704399/Batch%204_5/GZ1370/GZ1370_1_FOOTWEAR_Photography_Side_Lateral_Center_View_grey_ooqo8x.jpg
100371,9/21/2025,AD-4860-D,Running Watch Strap,Accessories,North America,Online,3,39.23,20,94.15,24.67,18,Male,Google Pay,https://assets.adidas.com/images/w_940%2Cf_auto%2Cq_auto/bfdb966c006f4a02a9b6ad0e00a5b1b4_9366/Running_Strap_Black_HN5572_01_standard.jpg
100889,11/16/2023,AD-3415-D,Running Watch Strap,Accessories,Middle East & Africa,Retail,4,40.94,5,155.57,37.51,35,Male,PayPal,https://assets.adidas.com/images/w_940%2Cf_auto%2Cq_auto/bfdb966c006f4a02a9b6ad0e00a5b1b4_9366/Running_Strap_Black_HN5572_01_standard.jpg
100156,7/26/2024,AD-7937-C,Primegreen Jacket,Apparel,Europe,Online,1,128.75,0,128.75,30.12,16,Female,Debit Card,"https://assets.adidas.com/images/c_fill,g_auto,w_1200,h_630,f_auto,q_auto/w_600,f_auto,q_auto/8d7b43159e2643c08d3fad250061730c_9366/Essentials_Warm-Up_3-Stripes_Track_Jacket_Black_H46099_01_laydown.jpg"
100991,11/1/2024,AD-4573-B,Copa Sense,Footwear,Europe,Retail,5,157.84,0,789.2,266.93,22,Female,UPI,https://res.cloudinary.com/dtc2q8arn/image/upload/v1727704399/Batch%204_5/GZ1370/GZ1370_1_FOOTWEAR_Photography_Side_Lateral_Center_View_grey_ooqo8x.jpg
100621,9/23/2024,AD-8629-B,Training Shorts,Apparel,Asia-Pacific,Retail,3,35.47,5,101.09,28.29,25,Female,Debit Card,https://assets.adidas.com/images/w_600%2Cf_auto%2Cq_auto/14732790a86d43329cf8df8f1c77367e_9366/Designed_for_Training_Workout_Shorts_Black_IK9723_01_laydown.jpg
101037,9/10/2023,AD-4473-C,Z.N.E. Hoodie,Apparel,North America,Online,2,121.14,0,242.28,77.25,16,Female,Cash,https://assets.adidas.com/images/w_940%2Cf_auto%2Cq_auto/513a21b39fd644cf83561016dfa26f68_9366/JE7537_21_model.jpg
100244,11/4/2023,AD-8586-A,Primegreen Jacket,Apparel,Europe,Online,4,132.11,20,422.75,112.31,47,Male,PayPal,"https://assets.adidas.com/images/c_fill,g_auto,w_1200,h_630,f_auto,q_auto/w_600,f_auto,q_auto/8d7b43159e2643c08d3fad250061730c_9366/Essentials_Warm-Up_3-Stripes_Track_Jacket_Black_H46099_01_laydown.jpg"
100158,6/8/2023,AD-6517-B,Superstar,Footwear,Asia-Pacific,Retail,3,112.55,5,320.77,85.58,31,Male,Credit Card,https://footdistrict.com/cdn/shop/files/sneakers-adidas-originals-superstar-eg4958-0.jpg
100745,6/6/2023,AD-8635-B,Tiro 23 Track Pants,Apparel,North America,Online,2,51.59,0,103.18,16.66,36,Female,Google Pay,https://assets.adidas.com/images/w_600%2Cf_auto%2Cq_auto/d02df6c17bf34147ae3faef5011f4841_9366/Tiro_23_League_Training_Pants_Black_HS7230_01_laydown.jpg
100192,5/16/2025,AD-9740-A,Superstar,Footwear,Asia-Pacific,Retail,6,108.77,40,391.57,124.48,30,Male,NetBanking,https://footdistrict.com/cdn/shop/files/sneakers-adidas-originals-superstar-eg4958-0.jpg
100533,9/24/2025,AD-8550-A,Adicolor Hoodie,Apparel,Middle East & Africa,Online,3,64.42,5,183.6,64.4,31,Other,UPI,https://assets.adidas.com/images/w_940%2Cf_auto%2Cq_auto/cb64f14e00914389b9790ba55a528715_9366/JW5965_21_model.jpg
100903,6/21/2023,AD-3932-C,Gym Bag,Accessories,Latin America,Retail,1,45.52,5,43.24,16.05,34,Male,Google Pay,https://assets.adidas.com/images/w_600%2Cf_auto%2Cq_auto/d525201fecc84b71af1761f4e9cc371a_9366/Lounge_Duffel_Bag_Grey_JK5352_01_00_standard.jpg
101003,11/5/2024,AD-9818-B,Sports Bottle,Accessories,Asia-Pacific,Retail,3,12.65,5,36.05,12.05,22,Male,Cash,https://assets.adidas.com/images/w_940%2Cf_auto%2Cq_auto/dffb7992446842a98f73aa860118cfee_9366/FM9931_01_00_standard.jpg
101069,6/29/2024,AD-2429-B,Sports Bottle,Accessories,Europe,Retail,1,15.32,0,15.32,5.97,33,Male,UPI,https://assets.adidas.com/images/w_940%2Cf_auto%2Cq_auto/dffb7992446842a98f73aa860118cfee_9366/FM9931_01_00_standard.jpg
100413,1/10/2025,AD-8606-A,Stan Smith,Footwear,Asia-Pacific,Retail,2,87.26,0,174.52,46.1,31,Female,NetBanking,https://assets.adidas.com/images/w_600%2Cf_auto%2Cq_auto/69721f2e7c934d909168a80e00818569_9366/Stan_Smith_Shoes_White_M20324_01_standard.jpg
101186,4/18/2025,AD-5742-A,Adicolor Hoodie,Apparel,Asia-Pacific,Retail,5,65.42,20,261.68,107.88,26,Male,NetBanking,https://assets.adidas.com/images/w_940%2Cf_auto%2Cq_auto/cb64f14e00914389b9790ba55a528715_9366/JW5965_21_model.jpg
100327,9/8/2023,AD-7870-B,Ultraboost Light,Footwear,Europe,Online,1,172.06,5,163.46,33.63,27,Female,Credit Card,https://res.cloudinary.com/dtc2q8arn/image/upload/v1723747674/Go%20Live%20images/Batch%203/ID3316/ID3316_14_FOOTWEAR_Photography_HeroMrktng_View_3_uk3cpt.jpg
100128,4/9/2024,AD-8046-D,Gym Bag,Accessories,North America,Retail,1,41,0,41,18.56,33,Female,UPI,https://assets.adidas.com/images/w_600%2Cf_auto%2Cq_auto/d525201fecc84b71af1761f4e9cc371a_9366/Lounge_Duffel_Bag_Grey_JK5352_01_00_standard.jpg
100694,1/30/2024,AD-2326-C,Z.N.E. Hoodie,Apparel,North America,Retail,3,105.09,0,315.27,121.3,33,Female,UPI,https://assets.adidas.com/images/w_940%2Cf_auto%2Cq_auto/513a21b39fd644cf83561016dfa26f68_9366/JE7537_21_model.jpg
100630,10/22/2024,AD-3403-B,Ultraboost Light,Footwear,Asia-Pacific,Outlet,4,149.07,10,536.65,128.92,27,Female,Credit Card,https://res.cloudinary.com/dtc2q8arn/image/upload/v1723747674/Go%20Live%20images/Batch%203/ID3316/ID3316_14_FOOTWEAR_Photography_HeroMrktng_View_3_uk3cpt.jpg
100274,3/16/2024,AD-3910-D,NMD_R1,Footwear,Europe,Wholesale,2,138.45,10,249.21,81.96,33,Male,Cash,https://assets.adidas.com/images/w_940%2Cf_auto%2Cq_auto/8563f8e2e30a4df4821eae1e002e3dc9_9366/GW5698_01_00_standard.jpg
101147,9/22/2025,AD-8989-A,Training Cap,Accessories,North America,Online,4,22.37,10,80.53,21.97,18,Female,UPI,https://res.cloudinary.com/dtc2q8arn/image/upload/v1723744392/Go%20Live%20images/Batch%203/IP2780/IP2780_1_HARDWARE_Photography_Front_Center_View_grey_jkmmpe.jpg
100308,6/22/2025,AD-2350-C,Tiro 23 Track Pants,Apparel,Middle East & Africa,Online,3,60.76,20,145.82,35.86,37,Female,NetBanking,https://assets.adidas.com/images/w_600%2Cf_auto%2Cq_auto/d02df6c17bf34147ae3faef5011f4841_9366/Tiro_23_League_Training_Pants_Black_HS7230_01_laydown.jpg
100233,2/10/2024,AD-2044-A,Essentials Tee,Apparel,Asia-Pacific,Retail,2,28.25,0,56.5,20.77,16,Male,Cash,https://shop.simon.com/cdn/shop/files/3f84ca8be8d64d3fb9b66db4a3b02046.jpg
101047,5/30/2024,AD-3803-B,Gym Bag,Accessories,Latin America,Online,4,46.38,40,111.31,39.92,27,Male,Debit Card,https://assets.adidas.com/images/w_600%2Cf_auto%2Cq_auto/d525201fecc84b71af1761f4e9cc371a_9366/Lounge_Duffel_Bag_Grey_JK5352_01_00_standard.jpg
100622,4/6/2023,AD-4796-B,Performance Socks (3-pack),Accessories,Europe,Retail,5,16.43,10,73.94,28.72,23,Female,Google Pay,https://assets.adidas.com/images/w_940%2Cf_auto%2Cq_auto/717ff966f0854fe089472eb7a83debd8_9366/JC6446_03_standard_hover.jpg
100643,12/28/2023,AD-2006-D,Tiro 23 Track Pants,Apparel,North America,Wholesale,3,57.22,5,163.08,47.09,25,Female,NetBanking,https://assets.adidas.com/images/w_600%2Cf_auto%2Cq_auto/d02df6c17bf34147ae3faef5011f4841_9366/Tiro_23_League_Training_Pants_Black_HS7230_01_laydown.jpg
100478,6/21/2023,AD-2778-A,Z.N.E. Hoodie,Apparel,Asia-Pacific,Online,4,99.92,0,399.68,145.79,30,Male,PayPal,https://assets.adidas.com/images/w_940%2Cf_auto%2Cq_auto/513a21b39fd644cf83561016dfa26f68_9366/JE7537_21_model.jpg
100471,1/21/2024,AD-4651-D,Primegreen Jacket,Apparel,Asia-Pacific,Outlet,4,146.13,5,555.29,158.34,16,Male,Apple Pay,"https://assets.adidas.com/images/c_fill,g_auto,w_1200,h_630,f_auto,q_auto/w_600,f_auto,q_auto/8d7b43159e2643c08d3fad250061730c_9366/Essentials_Warm-Up_3-Stripes_Track_Jacket_Black_H46099_01_laydown.jpg"
100925,3/1/2024,AD-2565-D,Adicolor Hoodie,Apparel,Asia-Pacific,Online,5,68.62,20,274.48,76.91,39,Male,PayPal,https://assets.adidas.com/images/w_940%2Cf_auto%2Cq_auto/cb64f14e00914389b9790ba55a528715_9366/JW5965_21_model.jpg
101097,2/16/2024,AD-2873-C,Z.N.E. Hoodie,Apparel,Europe,Retail,3,126.03,10,340.28,49.88,25,Male,Google Pay,https://assets.adidas.com/images/w_940%2Cf_auto%2Cq_auto/513a21b39fd644cf83561016dfa26f68_9366/JE7537_21_model.jpg
100626,2/15/2024,AD-2082-C,Running Watch Strap,Accessories,Asia-Pacific,Retail,3,32.78,5,93.42,23.12,33,Female,Apple Pay,https://assets.adidas.com/images/w_940%2Cf_auto%2Cq_auto/bfdb966c006f4a02a9b6ad0e00a5b1b4_9366/Running_Strap_Black_HN5572_01_standard.jpg
100394,1/13/2025,AD-9311-C,Adicolor Hoodie,Apparel,Asia-Pacific,Retail,4,65.13,0,260.52,90.54,27,Female,Cash,https://assets.adidas.com/images/w_940%2Cf_auto%2Cq_auto/cb64f14e00914389b9790ba55a528715_9366/JW5965_21_model.jpg
100636,10/23/2023,AD-8155-B,Predator Freak,Footwear,North America,Online,3,228.65,10,617.36,202.8,34,Female,Google Pay,https://www.soccervillage.com/mm5/graphics/00000001/1/fy0610_g01.jpg
100767,9/1/2023,AD-4865-D,NMD_R1,Footwear,Asia-Pacific,Online,5,121.9,10,548.55,197.81,26,Female,Apple Pay,https://assets.adidas.com/images/w_940%2Cf_auto%2Cq_auto/8563f8e2e30a4df4821eae1e002e3dc9_9366/GW5698_01_00_standard.jpg
100532,3/5/2025,AD-1206-A,Primegreen Jacket,Apparel,Europe,Online,5,133.19,10,599.36,148.43,27,Female,Apple Pay,"https://assets.adidas.com/images/c_fill,g_auto,w_1200,h_630,f_auto,q_auto/w_600,f_auto,q_auto/8d7b43159e2643c08d3fad250061730c_9366/Essentials_Warm-Up_3-Stripes_Track_Jacket_Black_H46099_01_laydown.jpg"
100717,4/1/2023,AD-4264-B,Ultraboost 22,Footwear,Latin America,Online,3,164.39,5,468.51,126.16,24,Female,PayPal,https://justfreshkicks.com/wp-content/uploads/2021/12/adidas-Ultra-Boost-2022-Triple-White-GX5459-Release-Date-Price.jpeg
100666,3/28/2023,AD-9015-D,Performance Socks (3-pack),Accessories,North America,Online,3,14.85,0,44.55,18.43,37,Female,UPI,https://assets.adidas.com/images/w_940%2Cf_auto%2Cq_auto/717ff966f0854fe089472eb7a83debd8_9366/JC6446_03_standard_hover.jpg
100597,5/24/2025,AD-2784-D,Ultraboost Light,Footwear,Latin America,Online,4,163.39,0,653.56,153.12,44,Female,Credit Card,https://res.cloudinary.com/dtc2q8arn/image/upload/v1723747674/Go%20Live%20images/Batch%203/ID3316/ID3316_14_FOOTWEAR_Photography_HeroMrktng_View_3_uk3cpt.jpg
100481,7/12/2025,AD-9553-D,NMD_R1,Footwear,North America,Wholesale,3,116.64,0,349.92,99.73,29,Female,Apple Pay,https://assets.adidas.com/images/w_940%2Cf_auto%2Cq_auto/8563f8e2e30a4df4821eae1e002e3dc9_9366/GW5698_01_00_standard.jpg
101102,12/24/2023,AD-6811-D,Originals Backpack,Accessories,Europe,Retail,3,62.34,5,177.67,80.61,16,Female,Apple Pay,https://assets.adidas.com/images/w_940%2Cf_auto%2Cq_auto/6e58dbe12eed418ba809246a19b2bd7d_9366/IU0178_01_00_standard.jpg
100314,5/30/2025,AD-6759-D,Adilette Slides,Footwear,North America,Retail,1,36.62,10,32.96,10.42,23,Female,Apple Pay,https://assets.adidas.com/images/w_600%2Cf_auto%2Cq_auto/69e60b96568f41ac8fa4afd3012d46e3_9366/Adilette_Aqua_Slides_Black_IF7371_01_standard.jpg
100728,5/23/2023,AD-1471-A,Performance Socks (3-pack),Accessories,Asia-Pacific,Retail,6,16.85,0,101.1,19.86,33,Male,NetBanking,https://assets.adidas.com/images/w_940%2Cf_auto%2Cq_auto/717ff966f0854fe089472eb7a83debd8_9366/JC6446_03_standard_hover.jpg
100209,6/24/2023,AD-1517-A,Gym Bag,Accessories,Asia-Pacific,Outlet,4,46.63,0,186.52,50.18,33,Male,UPI,https://assets.adidas.com/images/w_600%2Cf_auto%2Cq_auto/d525201fecc84b71af1761f4e9cc371a_9366/Lounge_Duffel_Bag_Grey_JK5352_01_00_standard.jpg
100933,3/28/2024,AD-7399-C,Ultraboost Light,Footwear,Asia-Pacific,Retail,4,160.64,0,642.56,185.67,30,Female,Debit Card,https://res.cloudinary.com/dtc2q8arn/image/upload/v1723747674/Go%20Live%20images/Batch%203/ID3316/ID3316_14_FOOTWEAR_Photography_HeroMrktng_View_3_uk3cpt.jpg
100433,3/4/2024,AD-8419-B,NMD_R1,Footwear,Asia-Pacific,Online,2,144.58,0,289.16,96.15,17,Female,NetBanking,https://assets.adidas.com/images/w_940%2Cf_auto%2Cq_auto/8563f8e2e30a4df4821eae1e002e3dc9_9366/GW5698_01_00_standard.jpg
100328,11/26/2023,AD-2956-A,Adicolor Hoodie,Apparel,Asia-Pacific,Online,3,61,5,173.85,56.81,37,Male,Cash,https://assets.adidas.com/images/w_940%2Cf_auto%2Cq_auto/cb64f14e00914389b9790ba55a528715_9366/JW5965_21_model.jpg
100260,5/26/2024,AD-4764-B,Originals Backpack,Accessories,Europe,Wholesale,3,65.61,0,196.83,53.06,41,Female,Credit Card,https://assets.adidas.com/images/w_940%2Cf_auto%2Cq_auto/6e58dbe12eed418ba809246a19b2bd7d_9366/IU0178_01_00_standard.jpg
101116,5/12/2023,AD-4784-A,Primegreen Jacket,Apparel,North America,Outlet,2,141.53,0,283.06,79.69,24,Male,Apple Pay,"https://assets.adidas.com/images/c_fill,g_auto,w_1200,h_630,f_auto,q_auto/w_600,f_auto,q_auto/8d7b43159e2643c08d3fad250061730c_9366/Essentials_Warm-Up_3-Stripes_Track_Jacket_Black_H46099_01_laydown.jpg"
100306,7/14/2024,AD-1752-A,Running Watch Strap,Accessories,Latin America,Retail,2,41.02,10,73.84,24.2,29,Female,Credit Card,https://assets.adidas.com/images/w_940%2Cf_auto%2Cq_auto/bfdb966c006f4a02a9b6ad0e00a5b1b4_9366/Running_Strap_Black_HN5572_01_standard.jpg
101066,2/4/2024,AD-5562-B,Performance Socks (3-pack),Accessories,Asia-Pacific,Retail,1,17.85,0,17.85,6.66,25,Male,Apple Pay,https://assets.adidas.com/images/w_940%2Cf_auto%2Cq_auto/717ff966f0854fe089472eb7a83debd8_9366/JC6446_03_standard_hover.jpg
100927,7/19/2025,AD-9264-C,Training Cap,Accessories,Asia-Pacific,Online,3,24.11,5,68.71,20.82,33,Male,Debit Card,https://res.cloudinary.com/dtc2q8arn/image/upload/v1723744392/Go%20Live%20images/Batch%203/IP2780/IP2780_1_HARDWARE_Photography_Front_Center_View_grey_jkmmpe.jpg
101024,12/29/2023,AD-8058-D,Stan Smith,Footwear,Latin America,Online,2,87,10,156.6,48.93,42,Male,Debit Card,https://assets.adidas.com/images/w_600%2Cf_auto%2Cq_auto/69721f2e7c934d909168a80e00818569_9366/Stan_Smith_Shoes_White_M20324_01_standard.jpg
100270,2/28/2024,AD-9537-B,Primegreen Jacket,Apparel,Asia-Pacific,Retail,3,133.34,0,400.02,81.25,28,Other,UPI,"https://assets.adidas.com/images/c_fill,g_auto,w_1200,h_630,f_auto,q_auto/w_600,f_auto,q_auto/8d7b43159e2643c08d3fad250061730c_9366/Essentials_Warm-Up_3-Stripes_Track_Jacket_Black_H46099_01_laydown.jpg"
100290,5/15/2025,AD-3194-C,Performance Socks (3-pack),Accessories,Asia-Pacific,Retail,3,18.2,0,54.6,11.26,38,Male,Debit Card,https://assets.adidas.com/images/w_940%2Cf_auto%2Cq_auto/717ff966f0854fe089472eb7a83debd8_9366/JC6446_03_standard_hover.jpg
100812,12/8/2024,AD-4083-A,Primegreen Jacket,Apparel,North America,Online,3,145.3,0,435.9,105.17,36,Male,Credit Card,"https://assets.adidas.com/images/c_fill,g_auto,w_1200,h_630,f_auto,q_auto/w_600,f_auto,q_auto/8d7b43159e2643c08d3fad250061730c_9366/Essentials_Warm-Up_3-Stripes_Track_Jacket_Black_H46099_01_laydown.jpg"
100096,4/2/2024,AD-4090-B,Sports Bottle,Accessories,Europe,Retail,1,14.47,5,13.75,6.06,22,Male,Cash,https://assets.adidas.com/images/w_940%2Cf_auto%2Cq_auto/dffb7992446842a98f73aa860118cfee_9366/FM9931_01_00_standard.jpg
100887,8/24/2024,AD-3064-C,Adilette Slides,Footwear,North America,Retail,2,31.96,10,57.53,20.43,27,Female,UPI,https://assets.adidas.com/images/w_600%2Cf_auto%2Cq_auto/69e60b96568f41ac8fa4afd3012d46e3_9366/Adilette_Aqua_Slides_Black_IF7371_01_standard.jpg
100818,6/24/2024,AD-8755-A,Ultraboost 22,Footwear,Europe,Online,3,164.27,5,468.17,143.62,30,Female,Apple Pay,https://justfreshkicks.com/wp-content/uploads/2021/12/adidas-Ultra-Boost-2022-Triple-White-GX5459-Release-Date-Price.jpeg
100031,9/28/2024,AD-2127-B,Running Watch Strap,Accessories,North America,Online,6,36.38,0,218.28,51.1,23,Male,Cash,https://assets.adidas.com/images/w_940%2Cf_auto%2Cq_auto/bfdb966c006f4a02a9b6ad0e00a5b1b4_9366/Running_Strap_Black_HN5572_01_standard.jpg
100762,2/20/2024,AD-8952-D,Adicolor Hoodie,Apparel,North America,Online,3,67.83,10,183.14,47.92,27,Female,Google Pay,https://assets.adidas.com/images/w_940%2Cf_auto%2Cq_auto/cb64f14e00914389b9790ba55a528715_9366/JW5965_21_model.jpg
100953,4/19/2024,AD-8688-B,Tiro 23 Track Pants,Apparel,Europe,Retail,4,55.8,5,212.04,65.12,20,Male,PayPal,https://assets.adidas.com/images/w_600%2Cf_auto%2Cq_auto/d02df6c17bf34147ae3faef5011f4841_9366/Tiro_23_League_Training_Pants_Black_HS7230_01_laydown.jpg
100319,1/15/2023,AD-9209-D,Essentials Tee,Apparel,Latin America,Wholesale,3,27.45,20,65.88,13.79,39,Male,NetBanking,https://shop.simon.com/cdn/shop/files/3f84ca8be8d64d3fb9b66db4a3b02046.jpg
100298,4/5/2024,AD-4438-C,Essentials Tee,Apparel,Asia-Pacific,Online,2,26.59,5,50.52,10.34,33,Other,UPI,https://shop.simon.com/cdn/shop/files/3f84ca8be8d64d3fb9b66db4a3b02046.jpg
100199,4/13/2025,AD-9171-C,Z.N.E. Hoodie,Apparel,Asia-Pacific,Online,1,127.46,0,127.46,39.47,32,Male,Google Pay,https://assets.adidas.com/images/w_940%2Cf_auto%2Cq_auto/513a21b39fd644cf83561016dfa26f68_9366/JE7537_21_model.jpg
100560,6/20/2024,AD-1827-D,Ultraboost Light,Footwear,Asia-Pacific,Online,5,154.01,5,731.55,213.79,26,Female,PayPal,https://res.cloudinary.com/dtc2q8arn/image/upload/v1723747674/Go%20Live%20images/Batch%203/ID3316/ID3316_14_FOOTWEAR_Photography_HeroMrktng_View_3_uk3cpt.jpg
100178,8/4/2025,AD-9937-C,Gym Bag,Accessories,North America,Online,3,40.39,40,72.7,28.43,29,Male,PayPal,https://assets.adidas.com/images/w_600%2Cf_auto%2Cq_auto/d525201fecc84b71af1761f4e9cc371a_9366/Lounge_Duffel_Bag_Grey_JK5352_01_00_standard.jpg
101131,9/13/2024,AD-8363-B,Primegreen Jacket,Apparel,Asia-Pacific,Online,5,148.16,5,703.76,201.68,26,Female,Debit Card,"https://assets.adidas.com/images/c_fill,g_auto,w_1200,h_630,f_auto,q_auto/w_600,f_auto,q_auto/8d7b43159e2643c08d3fad250061730c_9366/Essentials_Warm-Up_3-Stripes_Track_Jacket_Black_H46099_01_laydown.jpg"
100088,4/26/2024,AD-9117-C,Training Shorts,Apparel,Europe,Online,3,28.67,5,81.71,17.01,34,Male,Apple Pay,https://assets.adidas.com/images/w_600%2Cf_auto%2Cq_auto/14732790a86d43329cf8df8f1c77367e_9366/Designed_for_Training_Workout_Shorts_Black_IK9723_01_laydown.jpg
100787,7/19/2025,AD-1087-C,Training Shorts,Apparel,Middle East & Africa,Wholesale,2,30.36,0,60.72,10.79,30,Female,Credit Card,https://assets.adidas.com/images/w_600%2Cf_auto%2Cq_auto/14732790a86d43329cf8df8f1c77367e_9366/Designed_for_Training_Workout_Shorts_Black_IK9723_01_laydown.jpg
100724,6/10/2024,AD-6180-C,Adilette Slides,Footwear,North America,Online,2,35.39,0,70.78,24.76,21,Female,Cash,https://assets.adidas.com/images/w_600%2Cf_auto%2Cq_auto/69e60b96568f41ac8fa4afd3012d46e3_9366/Adilette_Aqua_Slides_Black_IF7371_01_standard.jpg
100826,12/24/2024,AD-2734-A,Ultraboost Light,Footwear,Europe,Retail,4,148.62,0,594.48,166.9,21,Female,Debit Card,https://res.cloudinary.com/dtc2q8arn/image/upload/v1723747674/Go%20Live%20images/Batch%203/ID3316/ID3316_14_FOOTWEAR_Photography_HeroMrktng_View_3_uk3cpt.jpg
100208,9/3/2024,AD-1841-D,Training Cap,Accessories,Asia-Pacific,Wholesale,3,23.29,40,41.92,13.6,31,Female,UPI,https://res.cloudinary.com/dtc2q8arn/image/upload/v1723744392/Go%20Live%20images/Batch%203/IP2780/IP2780_1_HARDWARE_Photography_Front_Center_View_grey_jkmmpe.jpg
101039,4/25/2023,AD-6920-C,Stan Smith,Footwear,Asia-Pacific,Retail,4,88.19,0,352.76,102.78,35,Male,Cash,https://assets.adidas.com/images/w_600%2Cf_auto%2Cq_auto/69721f2e7c934d909168a80e00818569_9366/Stan_Smith_Shoes_White_M20324_01_standard.jpg
100296,6/22/2023,AD-5389-C,Performance Socks (3-pack),Accessories,Asia-Pacific,Retail,3,18.15,0,54.45,13.66,30,Male,Debit Card,https://assets.adidas.com/images/w_940%2Cf_auto%2Cq_auto/717ff966f0854fe089472eb7a83debd8_9366/JC6446_03_standard_hover.jpg
100997,10/8/2023,AD-5888-B,Stan Smith,Footwear,North America,Retail,2,73.12,0,146.24,45.75,39,Female,Apple Pay,https://assets.adidas.com/images/w_600%2Cf_auto%2Cq_auto/69721f2e7c934d909168a80e00818569_9366/Stan_Smith_Shoes_White_M20324_01_standard.jpg
100497,12/11/2024,AD-8548-A,Performance Socks (3-pack),Accessories,Asia-Pacific,Retail,3,17.92,0,53.76,19.99,22,Female,Google Pay,https://assets.adidas.com/images/w_940%2Cf_auto%2Cq_auto/717ff966f0854fe089472eb7a83debd8_9366/JC6446_03_standard_hover.jpg
100834,3/5/2024,AD-6638-A,Primegreen Jacket,Apparel,Asia-Pacific,Outlet,2,154.2,0,308.4,91.69,17,Female,Cash,"https://assets.adidas.com/images/c_fill,g_auto,w_1200,h_630,f_auto,q_auto/w_600,f_auto,q_auto/8d7b43159e2643c08d3fad250061730c_9366/Essentials_Warm-Up_3-Stripes_Track_Jacket_Black_H46099_01_laydown.jpg"
100429,9/17/2024,AD-6536-A,Adilette Slides,Footwear,Middle East & Africa,Online,1,32.9,20,26.32,8.79,20,Male,UPI,https://assets.adidas.com/images/w_600%2Cf_auto%2Cq_auto/69e60b96568f41ac8fa4afd3012d46e3_9366/Adilette_Aqua_Slides_Black_IF7371_01_standard.jpg
100506,1/13/2023,AD-9987-C,Adilette Slides,Footwear,North America,Online,6,40.63,5,231.59,81.33,23,Female,PayPal,https://assets.adidas.com/images/w_600%2Cf_auto%2Cq_auto/69e60b96568f41ac8fa4afd3012d46e3_9366/Adilette_Aqua_Slides_Black_IF7371_01_standard.jpg
100830,6/1/2024,AD-3483-D,Copa Sense,Footwear,Europe,Retail,2,158.39,10,285.1,99.32,37,Male,UPI,https://res.cloudinary.com/dtc2q8arn/image/upload/v1727704399/Batch%204_5/GZ1370/GZ1370_1_FOOTWEAR_Photography_Side_Lateral_Center_View_grey_ooqo8x.jpg
100693,3/1/2025,AD-1022-A,Predator Freak,Footwear,Europe,Retail,2,238.44,0,476.88,148.19,25,Male,Google Pay,https://www.soccervillage.com/mm5/graphics/00000001/1/fy0610_g01.jpg
100010,8/13/2023,AD-7916-A,Predator Freak,Footwear,North America,Online,1,225.7,0,225.7,63.36,34,Male,PayPal,https://www.soccervillage.com/mm5/graphics/00000001/1/fy0610_g01.jpg
100847,5/4/2023,AD-5968-C,Training Shorts,Apparel,North America,Online,2,29.15,0,58.3,12.32,34,Male,Cash,https://assets.adidas.com/images/w_600%2Cf_auto%2Cq_auto/14732790a86d43329cf8df8f1c77367e_9366/Designed_for_Training_Workout_Shorts_Black_IK9723_01_laydown.jpg
100462,6/22/2023,AD-6889-B,Ultraboost 22,Footwear,Asia-Pacific,Retail,1,182.22,5,173.11,66.75,35,Female,NetBanking,https://justfreshkicks.com/wp-content/uploads/2021/12/adidas-Ultra-Boost-2022-Triple-White-GX5459-Release-Date-Price.jpeg
100198,5/6/2023,AD-5067-B,Essentials Tee,Apparel,North America,Online,3,26.3,5,74.95,13.9,41,Female,Apple Pay,https://shop.simon.com/cdn/shop/files/3f84ca8be8d64d3fb9b66db4a3b02046.jpg
100059,9/29/2024,AD-3223-D,Sports Bottle,Accessories,Europe,Retail,4,16.12,10,58.03,18.05,25,Male,Apple Pay,https://assets.adidas.com/images/w_940%2Cf_auto%2Cq_auto/dffb7992446842a98f73aa860118cfee_9366/FM9931_01_00_standard.jpg
100906,9/18/2023,AD-1674-D,Sports Bottle,Accessories,Asia-Pacific,Online,3,16.4,10,44.28,16.26,32,Male,UPI,https://assets.adidas.com/images/w_940%2Cf_auto%2Cq_auto/dffb7992446842a98f73aa860118cfee_9366/FM9931_01_00_standard.jpg
100996,10/9/2023,AD-1377-D,Performance Socks (3-pack),Accessories,North America,Online,5,18.25,5,86.69,22.75,33,Male,UPI,https://assets.adidas.com/images/w_940%2Cf_auto%2Cq_auto/717ff966f0854fe089472eb7a83debd8_9366/JC6446_03_standard_hover.jpg
100275,9/18/2025,AD-6339-D,Z.N.E. Hoodie,Apparel,Asia-Pacific,Retail,4,126.95,5,482.41,187.5,34,Female,UPI,https://assets.adidas.com/images/w_940%2Cf_auto%2Cq_auto/513a21b39fd644cf83561016dfa26f68_9366/JE7537_21_model.jpg
100808,4/27/2023,AD-6143-D,Performance Socks (3-pack),Accessories,North America,Online,5,20.21,20,80.84,26.86,31,Male,NetBanking,https://assets.adidas.com/images/w_940%2Cf_auto%2Cq_auto/717ff966f0854fe089472eb7a83debd8_9366/JC6446_03_standard_hover.jpg
100907,6/8/2024,AD-6194-C,NMD_R1,Footwear,Europe,Online,2,134.09,5,254.77,106.21,28,Male,Google Pay,https://assets.adidas.com/images/w_940%2Cf_auto%2Cq_auto/8563f8e2e30a4df4821eae1e002e3dc9_9366/GW5698_01_00_standard.jpg
100657,12/9/2024,AD-6450-A,Z.N.E. Hoodie,Apparel,Asia-Pacific,Online,3,124.07,40,223.33,64.64,30,Male,Apple Pay,https://assets.adidas.com/images/w_940%2Cf_auto%2Cq_auto/513a21b39fd644cf83561016dfa26f68_9366/JE7537_21_model.jpg
100956,8/12/2025,AD-9349-D,Running Watch Strap,Accessories,Asia-Pacific,Wholesale,6,43.29,20,207.79,75.87,21,Female,Cash,https://assets.adidas.com/images/w_940%2Cf_auto%2Cq_auto/bfdb966c006f4a02a9b6ad0e00a5b1b4_9366/Running_Strap_Black_HN5572_01_standard.jpg
100885,5/20/2025,AD-8428-D,Primegreen Jacket,Apparel,Asia-Pacific,Online,3,129.23,5,368.31,85.65,30,Female,Credit Card,"https://assets.adidas.com/images/c_fill,g_auto,w_1200,h_630,f_auto,q_auto/w_600,f_auto,q_auto/8d7b43159e2643c08d3fad250061730c_9366/Essentials_Warm-Up_3-Stripes_Track_Jacket_Black_H46099_01_laydown.jpg"
100220,7/24/2025,AD-9116-B,Copa Sense,Footwear,Latin America,Wholesale,2,154.19,5,292.96,87.6,41,Male,Apple Pay,https://res.cloudinary.com/dtc2q8arn/image/upload/v1727704399/Batch%204_5/GZ1370/GZ1370_1_FOOTWEAR_Photography_Side_Lateral_Center_View_grey_ooqo8x.jpg
100788,5/31/2024,AD-3938-C,NMD_R1,Footwear,Middle East & Africa,Retail,4,123.96,5,471.05,135.24,36,Male,Credit Card,https://assets.adidas.com/images/w_940%2Cf_auto%2Cq_auto/8563f8e2e30a4df4821eae1e002e3dc9_9366/GW5698_01_00_standard.jpg
100711,9/24/2024,AD-5553-B,Adicolor Hoodie,Apparel,North America,Online,3,72.88,5,207.71,68.01,40,Female,UPI,https://assets.adidas.com/images/w_940%2Cf_auto%2Cq_auto/cb64f14e00914389b9790ba55a528715_9366/JW5965_21_model.jpg
100713,11/22/2023,AD-8006-C,NMD_R1,Footwear,Middle East & Africa,Outlet,1,111.35,0,111.35,32.66,33,Male,PayPal,https://assets.adidas.com/images/w_940%2Cf_auto%2Cq_auto/8563f8e2e30a4df4821eae1e002e3dc9_9366/GW5698_01_00_standard.jpg
101112,8/31/2025,AD-1124-C,Stan Smith,Footwear,Asia-Pacific,Retail,2,93.03,5,176.76,56.59,30,Female,Apple Pay,https://assets.adidas.com/images/w_600%2Cf_auto%2Cq_auto/69721f2e7c934d909168a80e00818569_9366/Stan_Smith_Shoes_White_M20324_01_standard.jpg
101190,12/24/2023,AD-8528-B,Gym Bag,Accessories,North America,Retail,1,46.08,5,43.78,12.68,28,Male,Cash,https://assets.adidas.com/images/w_600%2Cf_auto%2Cq_auto/d525201fecc84b71af1761f4e9cc371a_9366/Lounge_Duffel_Bag_Grey_JK5352_01_00_standard.jpg
100789,6/23/2023,AD-3323-C,Gym Bag,Accessories,Europe,Retail,1,45.53,5,43.25,14.41,34,Male,Apple Pay,https://assets.adidas.com/images/w_600%2Cf_auto%2Cq_auto/d525201fecc84b71af1761f4e9cc371a_9366/Lounge_Duffel_Bag_Grey_JK5352_01_00_standard.jpg
100415,5/21/2025,AD-5395-A,Ultraboost Light,Footwear,North America,Retail,3,156.87,10,423.55,165.28,28,Male,Google Pay,https://res.cloudinary.com/dtc2q8arn/image/upload/v1723747674/Go%20Live%20images/Batch%203/ID3316/ID3316_14_FOOTWEAR_Photography_HeroMrktng_View_3_uk3cpt.jpg
100898,7/21/2025,AD-6544-B,Stan Smith,Footwear,Asia-Pacific,Online,3,79.15,10,213.71,55.45,41,Female,Debit Card,https://assets.adidas.com/images/w_600%2Cf_auto%2Cq_auto/69721f2e7c934d909168a80e00818569_9366/Stan_Smith_Shoes_White_M20324_01_standard.jpg
100934,3/30/2024,AD-7138-B,Ultraboost Light,Footwear,North America,Online,3,152.31,0,456.93,191.73,22,Male,UPI,https://res.cloudinary.com/dtc2q8arn/image/upload/v1723747674/Go%20Live%20images/Batch%203/ID3316/ID3316_14_FOOTWEAR_Photography_HeroMrktng_View_3_uk3cpt.jpg
100265,10/11/2024,AD-8075-B,Essentials Tee,Apparel,Europe,Online,2,27.32,0,54.64,16.23,24,Female,Apple Pay,https://shop.simon.com/cdn/shop/files/3f84ca8be8d64d3fb9b66db4a3b02046.jpg
100631,4/8/2024,AD-5910-C,Sports Bottle,Accessories,Asia-Pacific,Online,2,13.84,5,26.3,12.66,39,Male,Cash,https://assets.adidas.com/images/w_940%2Cf_auto%2Cq_auto/dffb7992446842a98f73aa860118cfee_9366/FM9931_01_00_standard.jpg
100247,6/13/2025,AD-4422-C,Superstar,Footwear,Asia-Pacific,Retail,5,92.32,20,369.28,110.32,36,Female,Google Pay,https://footdistrict.com/cdn/shop/files/sneakers-adidas-originals-superstar-eg4958-0.jpg
100682,1/8/2025,AD-4769-A,Performance Socks (3-pack),Accessories,Europe,Online,3,17.48,0,52.44,14.63,28,Female,Cash,https://assets.adidas.com/images/w_940%2Cf_auto%2Cq_auto/717ff966f0854fe089472eb7a83debd8_9366/JC6446_03_standard_hover.jpg
100558,1/18/2025,AD-7824-A,Running Watch Strap,Accessories,Asia-Pacific,Wholesale,1,44.85,5,42.61,15.86,33,Male,Apple Pay,https://assets.adidas.com/images/w_940%2Cf_auto%2Cq_auto/bfdb966c006f4a02a9b6ad0e00a5b1b4_9366/Running_Strap_Black_HN5572_01_standard.jpg
101136,11/29/2024,AD-1766-C,Originals Backpack,Accessories,Europe,Online,2,54.6,5,103.74,26.29,27,Female,Google Pay,https://assets.adidas.com/images/w_940%2Cf_auto%2Cq_auto/6e58dbe12eed418ba809246a19b2bd7d_9366/IU0178_01_00_standard.jpg
100967,5/11/2024,AD-2586-B,Stan Smith,Footwear,North America,Wholesale,3,80.41,10,217.11,73.76,37,Female,Credit Card,https://assets.adidas.com/images/w_600%2Cf_auto%2Cq_auto/69721f2e7c934d909168a80e00818569_9366/Stan_Smith_Shoes_White_M20324_01_standard.jpg
101004,12/5/2024,AD-3198-B,Stan Smith,Footwear,North America,Online,4,83.71,0,334.84,75.38,20,Male,UPI,https://assets.adidas.com/images/w_600%2Cf_auto%2Cq_auto/69721f2e7c934d909168a80e00818569_9366/Stan_Smith_Shoes_White_M20324_01_standard.jpg
100984,1/10/2023,AD-9189-D,Sports Bottle,Accessories,Europe,Outlet,3,14.02,0,42.06,12.7,40,Male,UPI,https://assets.adidas.com/images/w_940%2Cf_auto%2Cq_auto/dffb7992446842a98f73aa860118cfee_9366/FM9931_01_00_standard.jpg
100294,7/19/2023,AD-8272-D,Primegreen Jacket,Apparel,Europe,Retail,3,130.17,0,390.51,89.97,27,Female,Apple Pay,"https://assets.adidas.com/images/c_fill,g_auto,w_1200,h_630,f_auto,q_auto/w_600,f_auto,q_auto/8d7b43159e2643c08d3fad250061730c_9366/Essentials_Warm-Up_3-Stripes_Track_Jacket_Black_H46099_01_laydown.jpg"
100519,8/17/2025,AD-2702-C,Training Cap,Accessories,North America,Online,2,20.76,0,41.52,8.75,26,Female,Debit Card,https://res.cloudinary.com/dtc2q8arn/image/upload/v1723744392/Go%20Live%20images/Batch%203/IP2780/IP2780_1_HARDWARE_Photography_Front_Center_View_grey_jkmmpe.jpg
100770,1/2/2025,AD-4926-C,Training Shorts,Apparel,North America,Wholesale,2,29.65,0,59.3,15.46,20,Female,Credit Card,https://assets.adidas.com/images/w_600%2Cf_auto%2Cq_auto/14732790a86d43329cf8df8f1c77367e_9366/Designed_for_Training_Workout_Shorts_Black_IK9723_01_laydown.jpg
100083,3/11/2024,AD-1977-B,Stan Smith,Footwear,Asia-Pacific,Outlet,3,87.25,0,261.75,56.23,29,Female,Debit Card,https://assets.adidas.com/images/w_600%2Cf_auto%2Cq_auto/69721f2e7c934d909168a80e00818569_9366/Stan_Smith_Shoes_White_M20324_01_standard.jpg
100231,6/18/2023,AD-2489-D,Z.N.E. Hoodie,Apparel,Europe,Retail,2,140.59,0,281.18,89.42,33,Female,Google Pay,https://assets.adidas.com/images/w_940%2Cf_auto%2Cq_auto/513a21b39fd644cf83561016dfa26f68_9366/JE7537_21_model.jpg
100620,1/30/2023,AD-3932-D,Training Cap,Accessories,North America,Online,1,23.97,0,23.97,11.8,39,Male,Apple Pay,https://res.cloudinary.com/dtc2q8arn/image/upload/v1723744392/Go%20Live%20images/Batch%203/IP2780/IP2780_1_HARDWARE_Photography_Front_Center_View_grey_jkmmpe.jpg
100333,2/16/2025,AD-7878-D,Primegreen Jacket,Apparel,Asia-Pacific,Online,5,136.06,0,680.3,257.42,35,Male,UPI,"https://assets.adidas.com/images/c_fill,g_auto,w_1200,h_630,f_auto,q_auto/w_600,f_auto,q_auto/8d7b43159e2643c08d3fad250061730c_9366/Essentials_Warm-Up_3-Stripes_Track_Jacket_Black_H46099_01_laydown.jpg"
100129,6/28/2025,AD-7992-C,Adicolor Hoodie,Apparel,Asia-Pacific,Online,2,65.67,5,124.77,29.66,24,Female,Cash,https://assets.adidas.com/images/w_940%2Cf_auto%2Cq_auto/cb64f14e00914389b9790ba55a528715_9366/JW5965_21_model.jpg
101011,8/25/2024,AD-2623-A,Training Cap,Accessories,Europe,Retail,2,20.57,10,37.03,13.01,19,Male,NetBanking,https://res.cloudinary.com/dtc2q8arn/image/upload/v1723744392/Go%20Live%20images/Batch%203/IP2780/IP2780_1_HARDWARE_Photography_Front_Center_View_grey_jkmmpe.jpg
100644,8/15/2024,AD-5699-D,Copa Sense,Footwear,Asia-Pacific,Online,3,161.8,0,485.4,184.18,20,Female,Credit Card,https://res.cloudinary.com/dtc2q8arn/image/upload/v1727704399/Batch%204_5/GZ1370/GZ1370_1_FOOTWEAR_Photography_Side_Lateral_Center_View_grey_ooqo8x.jpg
100973,6/13/2025,AD-7556-A,Ultraboost Light,Footwear,Asia-Pacific,Retail,3,142.9,0,428.7,137.95,34,Male,Google Pay,https://res.cloudinary.com/dtc2q8arn/image/upload/v1723747674/Go%20Live%20images/Batch%203/ID3316/ID3316_14_FOOTWEAR_Photography_HeroMrktng_View_3_uk3cpt.jpg
100382,4/20/2025,AD-9589-A,Ultraboost Light,Footwear,North America,Online,4,160.12,0,640.48,210.06,24,Male,PayPal,https://res.cloudinary.com/dtc2q8arn/image/upload/v1723747674/Go%20Live%20images/Batch%203/ID3316/ID3316_14_FOOTWEAR_Photography_HeroMrktng_View_3_uk3cpt.jpg
100867,8/4/2023,AD-8417-C,NMD_R1,Footwear,Asia-Pacific,Outlet,3,138.03,0,414.09,137.48,19,Female,NetBanking,https://assets.adidas.com/images/w_940%2Cf_auto%2Cq_auto/8563f8e2e30a4df4821eae1e002e3dc9_9366/GW5698_01_00_standard.jpg
100542,4/5/2024,AD-4039-A,Tiro 23 Track Pants,Apparel,Europe,Retail,3,52.49,0,157.47,47.2,39,Female,Apple Pay,https://assets.adidas.com/images/w_600%2Cf_auto%2Cq_auto/d02df6c17bf34147ae3faef5011f4841_9366/Tiro_23_League_Training_Pants_Black_HS7230_01_laydown.jpg
101193,5/22/2025,AD-4793-B,Copa Sense,Footwear,Asia-Pacific,Retail,3,156.99,20,376.78,142.68,25,Female,Cash,https://res.cloudinary.com/dtc2q8arn/image/upload/v1727704399/Batch%204_5/GZ1370/GZ1370_1_FOOTWEAR_Photography_Side_Lateral_Center_View_grey_ooqo8x.jpg
100874,5/19/2024,AD-9197-D,NMD_R1,Footwear,North America,Outlet,4,134.99,20,431.97,106.8,36,Male,NetBanking,https://assets.adidas.com/images/w_940%2Cf_auto%2Cq_auto/8563f8e2e30a4df4821eae1e002e3dc9_9366/GW5698_01_00_standard.jpg
100331,1/13/2024,AD-3466-A,Running Watch Strap,Accessories,Middle East & Africa,Retail,1,43.72,0,43.72,17.41,34,Female,UPI,https://assets.adidas.com/images/w_940%2Cf_auto%2Cq_auto/bfdb966c006f4a02a9b6ad0e00a5b1b4_9366/Running_Strap_Black_HN5572_01_standard.jpg
100409,11/8/2024,AD-9381-A,Stan Smith,Footwear,North America,Retail,4,88.17,0,352.68,91.08,46,Male,Debit Card,https://assets.adidas.com/images/w_600%2Cf_auto%2Cq_auto/69721f2e7c934d909168a80e00818569_9366/Stan_Smith_Shoes_White_M20324_01_standard.jpg
100076,9/24/2025,AD-2680-A,Ultraboost Light,Footwear,Asia-Pacific,Online,5,153.55,0,767.75,188.2,17,Female,Google Pay,https://res.cloudinary.com/dtc2q8arn/image/upload/v1723747674/Go%20Live%20images/Batch%203/ID3316/ID3316_14_FOOTWEAR_Photography_HeroMrktng_View_3_uk3cpt.jpg
100868,9/9/2023,AD-1033-D,Z.N.E. Hoodie,Apparel,Europe,Retail,4,117.05,5,444.79,156.59,18,Male,PayPal,https://assets.adidas.com/images/w_940%2Cf_auto%2Cq_auto/513a21b39fd644cf83561016dfa26f68_9366/JE7537_21_model.jpg
100138,10/6/2023,AD-6655-D,Performance Socks (3-pack),Accessories,Europe,Online,4,15.65,0,62.6,23.08,42,Male,Debit Card,https://assets.adidas.com/images/w_940%2Cf_auto%2Cq_auto/717ff966f0854fe089472eb7a83debd8_9366/JC6446_03_standard_hover.jpg
100543,9/26/2024,AD-4110-D,Training Shorts,Apparel,North America,Retail,3,28.83,0,86.49,20.42,36,Female,Apple Pay,https://assets.adidas.com/images/w_600%2Cf_auto%2Cq_auto/14732790a86d43329cf8df8f1c77367e_9366/Designed_for_Training_Workout_Shorts_Black_IK9723_01_laydown.jpg
100673,2/21/2025,AD-3753-C,Ultraboost Light,Footwear,Europe,Online,2,147.27,0,294.54,118.55,30,Male,Apple Pay,https://res.cloudinary.com/dtc2q8arn/image/upload/v1723747674/Go%20Live%20images/Batch%203/ID3316/ID3316_14_FOOTWEAR_Photography_HeroMrktng_View_3_uk3cpt.jpg
100920,6/25/2023,AD-8835-A,Z.N.E. Hoodie,Apparel,Europe,Online,2,112.21,0,224.42,59.14,40,Male,Apple Pay,https://assets.adidas.com/images/w_940%2Cf_auto%2Cq_auto/513a21b39fd644cf83561016dfa26f68_9366/JE7537_21_model.jpg
100063,7/31/2024,AD-3683-C,Adilette Slides,Footwear,North America,Online,2,33.42,5,63.5,19.83,25,Female,Debit Card,https://assets.adidas.com/images/w_600%2Cf_auto%2Cq_auto/69e60b96568f41ac8fa4afd3012d46e3_9366/Adilette_Aqua_Slides_Black_IF7371_01_standard.jpg
100141,5/24/2024,AD-2180-D,Originals Backpack,Accessories,Europe,Retail,1,56.52,20,45.22,10.38,34,Male,Cash,https://assets.adidas.com/images/w_940%2Cf_auto%2Cq_auto/6e58dbe12eed418ba809246a19b2bd7d_9366/IU0178_01_00_standard.jpg
100716,5/5/2025,AD-2083-D,Running Watch Strap,Accessories,North America,Online,3,39.35,0,118.05,34.59,32,Other,Cash,https://assets.adidas.com/images/w_940%2Cf_auto%2Cq_auto/bfdb966c006f4a02a9b6ad0e00a5b1b4_9366/Running_Strap_Black_HN5572_01_standard.jpg
100376,6/3/2023,AD-2654-C,Predator Freak,Footwear,Asia-Pacific,Wholesale,1,186.67,0,186.67,57.99,41,Male,Debit Card,https://www.soccervillage.com/mm5/graphics/00000001/1/fy0610_g01.jpg
100363,11/23/2023,AD-9962-A,Essentials Tee,Apparel,North America,Online,4,25.48,0,101.92,35.27,45,Male,Debit Card,https://shop.simon.com/cdn/shop/files/3f84ca8be8d64d3fb9b66db4a3b02046.jpg
100139,4/24/2023,AD-7475-A,Tiro 23 Track Pants,Apparel,Asia-Pacific,Retail,2,61.91,0,123.82,33.5,36,Male,UPI,https://assets.adidas.com/images/w_600%2Cf_auto%2Cq_auto/d02df6c17bf34147ae3faef5011f4841_9366/Tiro_23_League_Training_Pants_Black_HS7230_01_laydown.jpg
100884,3/5/2023,AD-1855-C,Performance Socks (3-pack),Accessories,Asia-Pacific,Online,4,16.86,10,60.7,20.02,33,Male,Credit Card,https://assets.adidas.com/images/w_940%2Cf_auto%2Cq_auto/717ff966f0854fe089472eb7a83debd8_9366/JC6446_03_standard_hover.jpg
101041,7/17/2023,AD-4309-B,Performance Socks (3-pack),Accessories,North America,Retail,5,17.62,0,88.1,35.78,35,Male,Google Pay,https://assets.adidas.com/images/w_940%2Cf_auto%2Cq_auto/717ff966f0854fe089472eb7a83debd8_9366/JC6446_03_standard_hover.jpg
100224,6/29/2023,AD-7567-A,NMD_R1,Footwear,Latin America,Outlet,3,119.72,0,359.16,87.93,42,Male,Debit Card,https://assets.adidas.com/images/w_940%2Cf_auto%2Cq_auto/8563f8e2e30a4df4821eae1e002e3dc9_9366/GW5698_01_00_standard.jpg
100514,11/29/2023,AD-8598-B,Gym Bag,Accessories,Asia-Pacific,Outlet,4,39.04,5,148.35,54.55,23,Male,NetBanking,https://assets.adidas.com/images/w_600%2Cf_auto%2Cq_auto/d525201fecc84b71af1761f4e9cc371a_9366/Lounge_Duffel_Bag_Grey_JK5352_01_00_standard.jpg
100266,11/27/2024,AD-2344-C,Running Watch Strap,Accessories,North America,Retail,1,37.5,0,37.5,14.68,37,Female,Debit Card,https://assets.adidas.com/images/w_940%2Cf_auto%2Cq_auto/bfdb966c006f4a02a9b6ad0e00a5b1b4_9366/Running_Strap_Black_HN5572_01_standard.jpg
101169,9/19/2025,AD-3664-C,Ultraboost 22,Footwear,Asia-Pacific,Retail,4,198.5,5,754.3,256.15,21,Male,NetBanking,https://justfreshkicks.com/wp-content/uploads/2021/12/adidas-Ultra-Boost-2022-Triple-White-GX5459-Release-Date-Price.jpeg
100486,2/12/2025,AD-5157-C,Adilette Slides,Footwear,Asia-Pacific,Retail,1,36.39,5,34.57,10.45,25,Male,Google Pay,https://assets.adidas.com/images/w_600%2Cf_auto%2Cq_auto/69e60b96568f41ac8fa4afd3012d46e3_9366/Adilette_Aqua_Slides_Black_IF7371_01_standard.jpg
100352,7/30/2024,AD-9035-A,Adilette Slides,Footwear,Asia-Pacific,Wholesale,3,31.9,0,95.7,27.68,30,Male,PayPal,https://assets.adidas.com/images/w_600%2Cf_auto%2Cq_auto/69e60b96568f41ac8fa4afd3012d46e3_9366/Adilette_Aqua_Slides_Black_IF7371_01_standard.jpg
101005,8/28/2024,AD-7255-B,Training Shorts,Apparel,Asia-Pacific,Online,2,27.3,40,32.76,7.02,29,Male,NetBanking,https://assets.adidas.com/images/w_600%2Cf_auto%2Cq_auto/14732790a86d43329cf8df8f1c77367e_9366/Designed_for_Training_Workout_Shorts_Black_IK9723_01_laydown.jpg
100617,7/25/2023,AD-3446-B,Adilette Slides,Footwear,Europe,Retail,4,30.43,5,115.63,29.39,32,Female,NetBanking,https://assets.adidas.com/images/w_600%2Cf_auto%2Cq_auto/69e60b96568f41ac8fa4afd3012d46e3_9366/Adilette_Aqua_Slides_Black_IF7371_01_standard.jpg
100667,3/6/2023,AD-1606-C,Sports Bottle,Accessories,Europe,Wholesale,6,15.22,0,91.32,26.48,23,Female,Credit Card,https://assets.adidas.com/images/w_940%2Cf_auto%2Cq_auto/dffb7992446842a98f73aa860118cfee_9366/FM9931_01_00_standard.jpg
100774,10/8/2023,AD-7920-A,Superstar,Footwear,Middle East & Africa,Retail,6,95.51,0,573.06,94.18,16,Male,Cash,https://footdistrict.com/cdn/shop/files/sneakers-adidas-originals-superstar-eg4958-0.jpg
100553,1/20/2024,AD-1003-A,Sports Bottle,Accessories,North America,Wholesale,3,14.41,0,43.23,15.33,25,Male,Apple Pay,https://assets.adidas.com/images/w_940%2Cf_auto%2Cq_auto/dffb7992446842a98f73aa860118cfee_9366/FM9931_01_00_standard.jpg
100575,6/18/2025,AD-4695-B,Primegreen Jacket,Apparel,Asia-Pacific,Online,4,141.57,0,566.28,156.64,39,Female,NetBanking,"https://assets.adidas.com/images/c_fill,g_auto,w_1200,h_630,f_auto,q_auto/w_600,f_auto,q_auto/8d7b43159e2643c08d3fad250061730c_9366/Essentials_Warm-Up_3-Stripes_Track_Jacket_Black_H46099_01_laydown.jpg"
100914,5/23/2025,AD-9188-C,Sports Bottle,Accessories,North America,Outlet,3,16.45,10,44.41,16.55,35,Male,Credit Card,https://assets.adidas.com/images/w_940%2Cf_auto%2Cq_auto/dffb7992446842a98f73aa860118cfee_9366/FM9931_01_00_standard.jpg
100465,5/19/2025,AD-1600-C,Gym Bag,Accessories,Asia-Pacific,Retail,4,51.19,0,204.76,59.69,36,Female,UPI,https://assets.adidas.com/images/w_600%2Cf_auto%2Cq_auto/d525201fecc84b71af1761f4e9cc371a_9366/Lounge_Duffel_Bag_Grey_JK5352_01_00_standard.jpg
100590,4/9/2024,AD-3686-A,Running Watch Strap,Accessories,Latin America,Outlet,3,39.96,0,119.88,34.04,20,Male,Cash,https://assets.adidas.com/images/w_940%2Cf_auto%2Cq_auto/bfdb966c006f4a02a9b6ad0e00a5b1b4_9366/Running_Strap_Black_HN5572_01_standard.jpg
100764,9/13/2025,AD-2041-D,Training Cap,Accessories,North America,Outlet,3,23.51,0,70.53,23.67,31,Male,NetBanking,https://res.cloudinary.com/dtc2q8arn/image/upload/v1723744392/Go%20Live%20images/Batch%203/IP2780/IP2780_1_HARDWARE_Photography_Front_Center_View_grey_jkmmpe.jpg
100634,6/5/2025,AD-7652-D,Ultraboost 22,Footwear,Asia-Pacific,Online,1,208.4,20,166.72,38.46,39,Male,Apple Pay,https://justfreshkicks.com/wp-content/uploads/2021/12/adidas-Ultra-Boost-2022-Triple-White-GX5459-Release-Date-Price.jpeg
100837,7/4/2024,AD-4501-A,Z.N.E. Hoodie,Apparel,Asia-Pacific,Outlet,3,124.01,5,353.43,138.56,39,Male,NetBanking,https://assets.adidas.com/images/w_940%2Cf_auto%2Cq_auto/513a21b39fd644cf83561016dfa26f68_9366/JE7537_21_model.jpg
100289,9/26/2023,AD-6700-C,Training Cap,Accessories,Asia-Pacific,Retail,3,21.46,0,64.38,19.04,21,Female,Debit Card,https://res.cloudinary.com/dtc2q8arn/image/upload/v1723744392/Go%20Live%20images/Batch%203/IP2780/IP2780_1_HARDWARE_Photography_Front_Center_View_grey_jkmmpe.jpg
100039,10/1/2023,AD-4269-D,Copa Sense,Footwear,North America,Outlet,3,168.34,0,505.02,155.67,23,Female,UPI,https://res.cloudinary.com/dtc2q8arn/image/upload/v1727704399/Batch%204_5/GZ1370/GZ1370_1_FOOTWEAR_Photography_Side_Lateral_Center_View_grey_ooqo8x.jpg
100030,2/10/2024,AD-1152-D,Predator Freak,Footwear,North America,Online,3,252.84,0,758.52,245.53,23,Female,Debit Card,https://www.soccervillage.com/mm5/graphics/00000001/1/fy0610_g01.jpg
100242,10/9/2023,AD-9120-A,Ultraboost Light,Footwear,Asia-Pacific,Retail,3,164.56,0,493.68,151.6,25,Male,Apple Pay,https://res.cloudinary.com/dtc2q8arn/image/upload/v1723747674/Go%20Live%20images/Batch%203/ID3316/ID3316_14_FOOTWEAR_Photography_HeroMrktng_View_3_uk3cpt.jpg
100428,12/19/2024,AD-2752-C,Stan Smith,Footwear,North America,Online,3,80.41,10,217.11,65.5,21,Female,Apple Pay,https://assets.adidas.com/images/w_600%2Cf_auto%2Cq_auto/69721f2e7c934d909168a80e00818569_9366/Stan_Smith_Shoes_White_M20324_01_standard.jpg
100136,5/26/2023,AD-7062-C,Ultraboost 22,Footwear,Europe,Online,2,181.64,10,326.95,100.54,32,Male,PayPal,https://justfreshkicks.com/wp-content/uploads/2021/12/adidas-Ultra-Boost-2022-Triple-White-GX5459-Release-Date-Price.jpeg
101100,9/16/2023,AD-7876-B,Copa Sense,Footwear,North America,Online,1,150.4,10,135.36,34.33,24,Male,Google Pay,https://res.cloudinary.com/dtc2q8arn/image/upload/v1727704399/Batch%204_5/GZ1370/GZ1370_1_FOOTWEAR_Photography_Side_Lateral_Center_View_grey_ooqo8x.jpg
100864,4/12/2025,AD-8900-C,Performance Socks (3-pack),Accessories,Asia-Pacific,Retail,3,18.99,0,56.97,15.45,27,Male,Credit Card,https://assets.adidas.com/images/w_940%2Cf_auto%2Cq_auto/717ff966f0854fe089472eb7a83debd8_9366/JC6446_03_standard_hover.jpg
100003,8/9/2023,AD-1711-D,Z.N.E. Hoodie,Apparel,Europe,Online,2,123.02,10,221.44,81.48,28,Male,NetBanking,https://assets.adidas.com/images/w_940%2Cf_auto%2Cq_auto/513a21b39fd644cf83561016dfa26f68_9366/JE7537_21_model.jpg
100832,5/30/2023,AD-3692-D,Ultraboost 22,Footwear,Europe,Online,3,176.94,0,530.82,190.54,33,Male,Apple Pay,https://justfreshkicks.com/wp-content/uploads/2021/12/adidas-Ultra-Boost-2022-Triple-White-GX5459-Release-Date-Price.jpeg
100602,9/23/2023,AD-9514-D,Gym Bag,Accessories,Asia-Pacific,Wholesale,3,38.81,0,116.43,53.32,21,Female,Google Pay,https://assets.adidas.com/images/w_600%2Cf_auto%2Cq_auto/d525201fecc84b71af1761f4e9cc371a_9366/Lounge_Duffel_Bag_Grey_JK5352_01_00_standard.jpg
101033,11/13/2024,AD-4091-B,Originals Backpack,Accessories,Asia-Pacific,Outlet,2,63.01,20,100.82,28.01,24,Female,PayPal,https://assets.adidas.com/images/w_940%2Cf_auto%2Cq_auto/6e58dbe12eed418ba809246a19b2bd7d_9366/IU0178_01_00_standard.jpg
100654,12/2/2024,AD-1931-B,Performance Socks (3-pack),Accessories,Asia-Pacific,Online,5,18.71,5,88.87,26,22,Male,Debit Card,https://assets.adidas.com/images/w_940%2Cf_auto%2Cq_auto/717ff966f0854fe089472eb7a83debd8_9366/JC6446_03_standard_hover.jpg
100843,3/25/2023,AD-9622-D,Superstar,Footwear,Latin America,Retail,2,94.66,10,170.39,58.52,16,Male,Cash,https://footdistrict.com/cdn/shop/files/sneakers-adidas-originals-superstar-eg4958-0.jpg
100783,7/15/2023,AD-5636-B,Essentials Tee,Apparel,Europe,Online,3,22.78,5,64.92,19.72,32,Female,UPI,https://shop.simon.com/cdn/shop/files/3f84ca8be8d64d3fb9b66db4a3b02046.jpg
101073,12/13/2024,AD-1494-B,Originals Backpack,Accessories,Asia-Pacific,Retail,3,54.17,5,154.38,52.04,32,Male,PayPal,https://assets.adidas.com/images/w_940%2Cf_auto%2Cq_auto/6e58dbe12eed418ba809246a19b2bd7d_9366/IU0178_01_00_standard.jpg
100442,3/5/2025,AD-9418-A,Adilette Slides,Footwear,North America,Retail,2,35.2,5,66.88,17.92,39,Male,PayPal,https://assets.adidas.com/images/w_600%2Cf_auto%2Cq_auto/69e60b96568f41ac8fa4afd3012d46e3_9366/Adilette_Aqua_Slides_Black_IF7371_01_standard.jpg
101177,3/13/2024,AD-2448-B,Performance Socks (3-pack),Accessories,Europe,Online,3,17.44,5,49.7,19.57,28,Female,Apple Pay,https://assets.adidas.com/images/w_940%2Cf_auto%2Cq_auto/717ff966f0854fe089472eb7a83debd8_9366/JC6446_03_standard_hover.jpg
100435,8/3/2023,AD-9255-C,NMD_R1,Footwear,Asia-Pacific,Wholesale,6,162.34,0,974.04,303.42,33,Male,PayPal,https://assets.adidas.com/images/w_940%2Cf_auto%2Cq_auto/8563f8e2e30a4df4821eae1e002e3dc9_9366/GW5698_01_00_standard.jpg
101168,8/16/2024,AD-5725-A,Gym Bag,Accessories,Latin America,Online,2,45.69,0,91.38,36.33,26,Female,Cash,https://assets.adidas.com/images/w_600%2Cf_auto%2Cq_auto/d525201fecc84b71af1761f4e9cc371a_9366/Lounge_Duffel_Bag_Grey_JK5352_01_00_standard.jpg
100100,10/27/2024,AD-8994-A,Superstar,Footwear,Latin America,Outlet,4,97.97,0,391.88,115.9,34,Male,Cash,https://footdistrict.com/cdn/shop/files/sneakers-adidas-originals-superstar-eg4958-0.jpg
100772,5/28/2025,AD-5929-A,Performance Socks (3-pack),Accessories,Latin America,Online,4,18.44,5,70.07,17.75,28,Female,NetBanking,https://assets.adidas.com/images/w_940%2Cf_auto%2Cq_auto/717ff966f0854fe089472eb7a83debd8_9366/JC6446_03_standard_hover.jpg
100494,1/24/2025,AD-6693-C,Superstar,Footwear,Europe,Retail,2,87.49,0,174.98,60.66,23,Female,Cash,https://footdistrict.com/cdn/shop/files/sneakers-adidas-originals-superstar-eg4958-0.jpg
101027,11/3/2024,AD-2813-B,Performance Socks (3-pack),Accessories,Europe,Online,4,18.05,20,57.76,16.18,26,Male,UPI,https://assets.adidas.com/images/w_940%2Cf_auto%2Cq_auto/717ff966f0854fe089472eb7a83debd8_9366/JC6446_03_standard_hover.jpg
100806,6/19/2024,AD-9366-D,Originals Backpack,Accessories,North America,Online,3,57.97,5,165.21,38.73,32,Male,Debit Card,https://assets.adidas.com/images/w_940%2Cf_auto%2Cq_auto/6e58dbe12eed418ba809246a19b2bd7d_9366/IU0178_01_00_standard.jpg
101141,5/13/2025,AD-2722-C,Training Shorts,Apparel,North America,Online,2,30.73,0,61.46,18.68,31,Female,PayPal,https://assets.adidas.com/images/w_600%2Cf_auto%2Cq_auto/14732790a86d43329cf8df8f1c77367e_9366/Designed_for_Training_Workout_Shorts_Black_IK9723_01_laydown.jpg
100845,1/19/2025,AD-9408-A,Originals Backpack,Accessories,North America,Online,3,61.27,0,183.81,62.6,33,Female,PayPal,https://assets.adidas.com/images/w_940%2Cf_auto%2Cq_auto/6e58dbe12eed418ba809246a19b2bd7d_9366/IU0178_01_00_standard.jpg
100986,5/29/2024,AD-9110-C,Stan Smith,Footwear,Latin America,Retail,1,80.89,40,48.53,16.34,19,Female,UPI,https://assets.adidas.com/images/w_600%2Cf_auto%2Cq_auto/69721f2e7c934d909168a80e00818569_9366/Stan_Smith_Shoes_White_M20324_01_standard.jpg
100227,11/11/2023,AD-2923-C,Copa Sense,Footwear,Europe,Outlet,5,165.64,5,786.79,254.6,31,Female,NetBanking,https://res.cloudinary.com/dtc2q8arn/image/upload/v1727704399/Batch%204_5/GZ1370/GZ1370_1_FOOTWEAR_Photography_Side_Lateral_Center_View_grey_ooqo8x.jpg
101192,5/13/2023,AD-1736-A,Z.N.E. Hoodie,Apparel,Asia-Pacific,Retail,3,140.07,0,420.21,138.39,16,Female,Debit Card,https://assets.adidas.com/images/w_940%2Cf_auto%2Cq_auto/513a21b39fd644cf83561016dfa26f68_9366/JE7537_21_model.jpg
100671,5/5/2025,AD-2033-B,Running Watch Strap,Accessories,Asia-Pacific,Online,3,43.78,10,118.21,58.07,18,Female,UPI,https://assets.adidas.com/images/w_940%2Cf_auto%2Cq_auto/bfdb966c006f4a02a9b6ad0e00a5b1b4_9366/Running_Strap_Black_HN5572_01_standard.jpg
100858,6/7/2023,AD-1445-A,Tiro 23 Track Pants,Apparel,Asia-Pacific,Online,4,51.7,0,206.8,55.16,25,Female,PayPal,https://assets.adidas.com/images/w_600%2Cf_auto%2Cq_auto/d02df6c17bf34147ae3faef5011f4841_9366/Tiro_23_League_Training_Pants_Black_HS7230_01_laydown.jpg
100924,8/12/2024,AD-7407-B,Ultraboost Light,Footwear,North America,Outlet,2,149.1,0,298.2,76.67,29,Male,NetBanking,https://res.cloudinary.com/dtc2q8arn/image/upload/v1723747674/Go%20Live%20images/Batch%203/ID3316/ID3316_14_FOOTWEAR_Photography_HeroMrktng_View_3_uk3cpt.jpg
100066,6/29/2024,AD-9031-A,Originals Backpack,Accessories,North America,Retail,1,64.12,0,64.12,20.44,27,Male,Apple Pay,https://assets.adidas.com/images/w_940%2Cf_auto%2Cq_auto/6e58dbe12eed418ba809246a19b2bd7d_9366/IU0178_01_00_standard.jpg
100067,3/19/2024,AD-9817-D,Training Shorts,Apparel,Asia-Pacific,Retail,2,29.99,0,59.98,21.37,36,Male,NetBanking,https://assets.adidas.com/images/w_600%2Cf_auto%2Cq_auto/14732790a86d43329cf8df8f1c77367e_9366/Designed_for_Training_Workout_Shorts_Black_IK9723_01_laydown.jpg
100816,4/16/2023,AD-1606-D,Originals Backpack,Accessories,Latin America,Retail,5,58.03,0,290.15,101.53,25,Female,NetBanking,https://assets.adidas.com/images/w_940%2Cf_auto%2Cq_auto/6e58dbe12eed418ba809246a19b2bd7d_9366/IU0178_01_00_standard.jpg
100211,6/15/2024,AD-8531-C,Adilette Slides,Footwear,Middle East & Africa,Retail,3,40.36,0,121.08,36.14,46,Male,PayPal,https://assets.adidas.com/images/w_600%2Cf_auto%2Cq_auto/69e60b96568f41ac8fa4afd3012d46e3_9366/Adilette_Aqua_Slides_Black_IF7371_01_standard.jpg
100012,2/26/2025,AD-9201-B,Z.N.E. Hoodie,Apparel,Europe,Retail,2,123.18,10,221.72,75.06,21,Female,NetBanking,https://assets.adidas.com/images/w_940%2Cf_auto%2Cq_auto/513a21b39fd644cf83561016dfa26f68_9366/JE7537_21_model.jpg
100493,9/26/2025,AD-4281-A,Copa Sense,Footwear,North America,Online,5,163.98,10,737.91,217.96,20,Female,Apple Pay,https://res.cloudinary.com/dtc2q8arn/image/upload/v1727704399/Batch%204_5/GZ1370/GZ1370_1_FOOTWEAR_Photography_Side_Lateral_Center_View_grey_ooqo8x.jpg
101164,4/26/2023,AD-3320-C,Essentials Tee,Apparel,Asia-Pacific,Online,2,22.68,0,45.36,17.01,29,Female,UPI,https://shop.simon.com/cdn/shop/files/3f84ca8be8d64d3fb9b66db4a3b02046.jpg
100299,5/31/2025,AD-1972-C,NMD_R1,Footwear,North America,Online,3,129.63,0,388.89,108.37,25,Male,UPI,https://assets.adidas.com/images/w_940%2Cf_auto%2Cq_auto/8563f8e2e30a4df4821eae1e002e3dc9_9366/GW5698_01_00_standard.jpg
100410,10/17/2023,AD-6864-D,Stan Smith,Footwear,Europe,Retail,3,74.07,0,222.21,68.72,36,Female,UPI,https://assets.adidas.com/images/w_600%2Cf_auto%2Cq_auto/69721f2e7c934d909168a80e00818569_9366/Stan_Smith_Shoes_White_M20324_01_standard.jpg
100756,10/22/2023,AD-2552-C,Essentials Tee,Apparel,Middle East & Africa,Online,4,24.96,10,89.86,21.45,37,Male,Debit Card,https://shop.simon.com/cdn/shop/files/3f84ca8be8d64d3fb9b66db4a3b02046.jpg
101074,1/10/2024,AD-3988-D,Predator Freak,Footwear,North America,Retail,3,219.01,10,591.33,166.09,34,Female,PayPal,https://www.soccervillage.com/mm5/graphics/00000001/1/fy0610_g01.jpg
100695,1/23/2025,AD-6989-D,Ultraboost Light,Footwear,Latin America,Online,3,162.84,0,488.52,148.62,43,Male,Apple Pay,https://res.cloudinary.com/dtc2q8arn/image/upload/v1723747674/Go%20Live%20images/Batch%203/ID3316/ID3316_14_FOOTWEAR_Photography_HeroMrktng_View_3_uk3cpt.jpg
101150,3/9/2025,AD-3413-D,Primegreen Jacket,Apparel,North America,Online,2,140.49,20,224.78,75.83,29,Male,Debit Card,"https://assets.adidas.com/images/c_fill,g_auto,w_1200,h_630,f_auto,q_auto/w_600,f_auto,q_auto/8d7b43159e2643c08d3fad250061730c_9366/Essentials_Warm-Up_3-Stripes_Track_Jacket_Black_H46099_01_laydown.jpg"
100723,6/17/2023,AD-5778-A,Ultraboost Light,Footwear,Europe,Outlet,3,147.44,40,265.39,83.86,43,Male,NetBanking,https://res.cloudinary.com/dtc2q8arn/image/upload/v1723747674/Go%20Live%20images/Batch%203/ID3316/ID3316_14_FOOTWEAR_Photography_HeroMrktng_View_3_uk3cpt.jpg
101015,10/10/2023,AD-6007-D,Originals Backpack,Accessories,Asia-Pacific,Wholesale,3,59.74,0,179.22,59.57,20,Male,Debit Card,https://assets.adidas.com/images/w_940%2Cf_auto%2Cq_auto/6e58dbe12eed418ba809246a19b2bd7d_9366/IU0178_01_00_standard.jpg
100527,6/17/2023,AD-5664-C,Primegreen Jacket,Apparel,North America,Online,2,149.47,0,298.94,82.76,43,Female,NetBanking,"https://assets.adidas.com/images/c_fill,g_auto,w_1200,h_630,f_auto,q_auto/w_600,f_auto,q_auto/8d7b43159e2643c08d3fad250061730c_9366/Essentials_Warm-Up_3-Stripes_Track_Jacket_Black_H46099_01_laydown.jpg"
100599,8/11/2025,AD-8001-A,Ultraboost Light,Footwear,North America,Online,4,155.11,10,558.4,140.93,24,Male,Debit Card,https://res.cloudinary.com/dtc2q8arn/image/upload/v1723747674/Go%20Live%20images/Batch%203/ID3316/ID3316_14_FOOTWEAR_Photography_HeroMrktng_View_3_uk3cpt.jpg
101119,8/8/2024,AD-4056-B,Primegreen Jacket,Apparel,Asia-Pacific,Wholesale,3,160.26,10,432.7,138.96,16,Female,Cash,"https://assets.adidas.com/images/c_fill,g_auto,w_1200,h_630,f_auto,q_auto/w_600,f_auto,q_auto/8d7b43159e2643c08d3fad250061730c_9366/Essentials_Warm-Up_3-Stripes_Track_Jacket_Black_H46099_01_laydown.jpg"
100566,9/30/2024,AD-2405-A,Predator Freak,Footwear,Latin America,Online,3,211.03,5,601.44,181.47,31,Female,PayPal,https://www.soccervillage.com/mm5/graphics/00000001/1/fy0610_g01.jpg
100730,12/8/2024,AD-1537-A,Stan Smith,Footwear,Asia-Pacific,Retail,3,95.98,10,259.15,73.57,32,Male,Debit Card,https://assets.adidas.com/images/w_600%2Cf_auto%2Cq_auto/69721f2e7c934d909168a80e00818569_9366/Stan_Smith_Shoes_White_M20324_01_standard.jpg
100273,4/20/2023,AD-8212-C,Predator Freak,Footwear,Middle East & Africa,Online,2,220.53,5,419.01,123.73,29,Female,Cash,https://www.soccervillage.com/mm5/graphics/00000001/1/fy0610_g01.jpg
100966,6/8/2025,AD-4846-D,Copa Sense,Footwear,North America,Online,2,161.53,10,290.75,75.05,16,Male,Credit Card,https://res.cloudinary.com/dtc2q8arn/image/upload/v1727704399/Batch%204_5/GZ1370/GZ1370_1_FOOTWEAR_Photography_Side_Lateral_Center_View_grey_ooqo8x.jpg
100237,11/20/2024,AD-5516-B,Sports Bottle,Accessories,Europe,Online,2,13.78,5,26.18,8.7,23,Male,PayPal,https://assets.adidas.com/images/w_940%2Cf_auto%2Cq_auto/dffb7992446842a98f73aa860118cfee_9366/FM9931_01_00_standard.jpg
100405,12/17/2023,AD-1313-B,Training Cap,Accessories,North America,Wholesale,3,19.11,5,54.46,20.02,30,Female,Apple Pay,https://res.cloudinary.com/dtc2q8arn/image/upload/v1723744392/Go%20Live%20images/Batch%203/IP2780/IP2780_1_HARDWARE_Photography_Front_Center_View_grey_jkmmpe.jpg
100002,8/26/2024,AD-5552-B,Essentials Tee,Apparel,North America,Outlet,3,23.86,0,71.58,16.07,21,Female,Cash,https://shop.simon.com/cdn/shop/files/3f84ca8be8d64d3fb9b66db4a3b02046.jpg
100006,10/12/2024,AD-3803-B,Training Shorts,Apparel,Europe,Retail,2,30.7,20,49.12,11.88,25,Female,Debit Card,https://assets.adidas.com/images/w_600%2Cf_auto%2Cq_auto/14732790a86d43329cf8df8f1c77367e_9366/Designed_for_Training_Workout_Shorts_Black_IK9723_01_laydown.jpg
100311,4/16/2025,AD-2463-A,Stan Smith,Footwear,Europe,Online,3,81.49,0,244.47,98.55,21,Male,Apple Pay,https://assets.adidas.com/images/w_600%2Cf_auto%2Cq_auto/69721f2e7c934d909168a80e00818569_9366/Stan_Smith_Shoes_White_M20324_01_standard.jpg
101090,7/14/2024,AD-5589-C,Superstar,Footwear,Europe,Online,2,88.81,5,168.74,52.11,30,Male,Debit Card,https://footdistrict.com/cdn/shop/files/sneakers-adidas-originals-superstar-eg4958-0.jpg
100451,10/24/2024,AD-2200-A,Superstar,Footwear,North America,Retail,1,96.41,0,96.41,36.99,40,Male,Debit Card,https://footdistrict.com/cdn/shop/files/sneakers-adidas-originals-superstar-eg4958-0.jpg
100721,9/5/2024,AD-2959-C,Training Shorts,Apparel,Asia-Pacific,Outlet,2,31.42,0,62.84,15.89,23,Female,Google Pay,https://assets.adidas.com/images/w_600%2Cf_auto%2Cq_auto/14732790a86d43329cf8df8f1c77367e_9366/Designed_for_Training_Workout_Shorts_Black_IK9723_01_laydown.jpg
100215,7/6/2025,AD-2294-C,Primegreen Jacket,Apparel,Middle East & Africa,Outlet,6,143.68,0,862.08,302.91,20,Male,NetBanking,"https://assets.adidas.com/images/c_fill,g_auto,w_1200,h_630,f_auto,q_auto/w_600,f_auto,q_auto/8d7b43159e2643c08d3fad250061730c_9366/Essentials_Warm-Up_3-Stripes_Track_Jacket_Black_H46099_01_laydown.jpg"
101085,12/20/2024,AD-1388-D,Stan Smith,Footwear,Latin America,Retail,4,67.96,5,258.25,117.48,27,Male,PayPal,https://assets.adidas.com/images/w_600%2Cf_auto%2Cq_auto/69721f2e7c934d909168a80e00818569_9366/Stan_Smith_Shoes_White_M20324_01_standard.jpg
100027,8/21/2024,AD-4044-A,Training Cap,Accessories,Latin America,Online,5,21.43,0,107.15,45.59,50,Female,Debit Card,https://res.cloudinary.com/dtc2q8arn/image/upload/v1723744392/Go%20Live%20images/Batch%203/IP2780/IP2780_1_HARDWARE_Photography_Front_Center_View_grey_jkmmpe.jpg
101157,7/30/2023,AD-2544-B,Copa Sense,Footwear,Europe,Online,2,165.61,0,331.22,93.05,19,Female,Credit Card,https://res.cloudinary.com/dtc2q8arn/image/upload/v1727704399/Batch%204_5/GZ1370/GZ1370_1_FOOTWEAR_Photography_Side_Lateral_Center_View_grey_ooqo8x.jpg
100361,3/24/2024,AD-2661-D,Originals Backpack,Accessories,Latin America,Retail,4,70.71,0,282.84,77.74,25,Male,Apple Pay,https://assets.adidas.com/images/w_940%2Cf_auto%2Cq_auto/6e58dbe12eed418ba809246a19b2bd7d_9366/IU0178_01_00_standard.jpg
100822,10/17/2023,AD-7815-D,Superstar,Footwear,North America,Online,1,98.91,0,98.91,33.73,22,Female,Debit Card,https://footdistrict.com/cdn/shop/files/sneakers-adidas-originals-superstar-eg4958-0.jpg
100780,8/3/2025,AD-5289-B,Sports Bottle,Accessories,Asia-Pacific,Outlet,3,14.79,0,44.37,16.17,29,Female,UPI,https://assets.adidas.com/images/w_940%2Cf_auto%2Cq_auto/dffb7992446842a98f73aa860118cfee_9366/FM9931_01_00_standard.jpg
100628,1/27/2025,AD-8294-B,Running Watch Strap,Accessories,North America,Retail,4,41.47,0,165.88,43.36,16,Male,Debit Card,https://assets.adidas.com/images/w_940%2Cf_auto%2Cq_auto/bfdb966c006f4a02a9b6ad0e00a5b1b4_9366/Running_Strap_Black_HN5572_01_standard.jpg
100453,3/19/2024,AD-1745-A,Z.N.E. Hoodie,Apparel,Asia-Pacific,Retail,3,129.73,10,350.27,119.46,32,Female,Debit Card,https://assets.adidas.com/images/w_940%2Cf_auto%2Cq_auto/513a21b39fd644cf83561016dfa26f68_9366/JE7537_21_model.jpg
100738,12/4/2024,AD-8793-C,Performance Socks (3-pack),Accessories,Europe,Wholesale,2,21.15,20,33.84,12.52,29,Male,Debit Card,https://assets.adidas.com/images/w_940%2Cf_auto%2Cq_auto/717ff966f0854fe089472eb7a83debd8_9366/JC6446_03_standard_hover.jpg
100535,9/17/2023,AD-2850-B,Training Cap,Accessories,North America,Outlet,2,22.95,0,45.9,16.1,33,Female,UPI,https://res.cloudinary.com/dtc2q8arn/image/upload/v1723744392/Go%20Live%20images/Batch%203/IP2780/IP2780_1_HARDWARE_Photography_Front_Center_View_grey_jkmmpe.jpg
101049,10/19/2024,AD-6317-A,Adicolor Hoodie,Apparel,North America,Online,4,75.43,0,301.72,100.75,30,Female,Cash,https://assets.adidas.com/images/w_940%2Cf_auto%2Cq_auto/cb64f14e00914389b9790ba55a528715_9366/JW5965_21_model.jpg
100398,5/27/2024,AD-3250-B,Stan Smith,Footwear,Europe,Online,3,67.58,0,202.74,58.89,34,Male,PayPal,https://assets.adidas.com/images/w_600%2Cf_auto%2Cq_auto/69721f2e7c934d909168a80e00818569_9366/Stan_Smith_Shoes_White_M20324_01_standard.jpg
100256,1/17/2023,AD-1280-D,Ultraboost 22,Footwear,Europe,Online,5,172.7,0,863.5,208.49,25,Female,NetBanking,https://justfreshkicks.com/wp-content/uploads/2021/12/adidas-Ultra-Boost-2022-Triple-White-GX5459-Release-Date-Price.jpeg
100291,5/1/2023,AD-3258-D,Adicolor Hoodie,Apparel,North America,Retail,3,68.91,5,196.39,41.2,16,Male,Apple Pay,https://assets.adidas.com/images/w_940%2Cf_auto%2Cq_auto/cb64f14e00914389b9790ba55a528715_9366/JW5965_21_model.jpg
100025,6/18/2023,AD-7930-D,Primegreen Jacket,Apparel,Europe,Wholesale,2,134.36,10,241.85,45.22,30,Female,NetBanking,"https://assets.adidas.com/images/c_fill,g_auto,w_1200,h_630,f_auto,q_auto/w_600,f_auto,q_auto/8d7b43159e2643c08d3fad250061730c_9366/Essentials_Warm-Up_3-Stripes_Track_Jacket_Black_H46099_01_laydown.jpg"
100336,3/21/2024,AD-6211-D,Predator Freak,Footwear,North America,Online,1,212.26,20,169.81,32.2,26,Female,Cash,https://www.soccervillage.com/mm5/graphics/00000001/1/fy0610_g01.jpg
100584,8/16/2023,AD-6323-D,Adilette Slides,Footwear,North America,Wholesale,2,34,0,68,20.12,24,Other,Google Pay,https://assets.adidas.com/images/w_600%2Cf_auto%2Cq_auto/69e60b96568f41ac8fa4afd3012d46e3_9366/Adilette_Aqua_Slides_Black_IF7371_01_standard.jpg
100047,7/15/2024,AD-8618-D,Ultraboost 22,Footwear,North America,Retail,2,194.87,5,370.25,134.53,24,Female,Cash,https://justfreshkicks.com/wp-content/uploads/2021/12/adidas-Ultra-Boost-2022-Triple-White-GX5459-Release-Date-Price.jpeg
100318,2/1/2024,AD-1273-A,Running Watch Strap,Accessories,Europe,Online,4,37.88,5,143.94,27.05,29,Male,Debit Card,https://assets.adidas.com/images/w_940%2Cf_auto%2Cq_auto/bfdb966c006f4a02a9b6ad0e00a5b1b4_9366/Running_Strap_Black_HN5572_01_standard.jpg
100106,8/24/2024,AD-7302-D,Tiro 23 Track Pants,Apparel,Europe,Online,4,47.21,0,188.84,41.18,31,Female,UPI,https://assets.adidas.com/images/w_600%2Cf_auto%2Cq_auto/d02df6c17bf34147ae3faef5011f4841_9366/Tiro_23_League_Training_Pants_Black_HS7230_01_laydown.jpg
100798,10/5/2024,AD-6323-B,Essentials Tee,Apparel,North America,Wholesale,4,24.24,0,96.96,30.33,16,Female,Google Pay,https://shop.simon.com/cdn/shop/files/3f84ca8be8d64d3fb9b66db4a3b02046.jpg
100055,5/22/2023,AD-6421-D,Predator Freak,Footwear,Asia-Pacific,Retail,1,234.95,20,187.96,65.34,41,Male,Apple Pay,https://www.soccervillage.com/mm5/graphics/00000001/1/fy0610_g01.jpg
100522,9/25/2025,AD-8480-D,Sports Bottle,Accessories,Europe,Online,2,14.5,0,29,7.69,29,Female,PayPal,https://assets.adidas.com/images/w_940%2Cf_auto%2Cq_auto/dffb7992446842a98f73aa860118cfee_9366/FM9931_01_00_standard.jpg
100213,9/7/2025,AD-4396-D,Adicolor Hoodie,Apparel,North America,Wholesale,3,72.52,40,130.54,49.34,20,Other,NetBanking,https://assets.adidas.com/images/w_940%2Cf_auto%2Cq_auto/cb64f14e00914389b9790ba55a528715_9366/JW5965_21_model.jpg
100120,10/10/2023,AD-1349-A,Adilette Slides,Footwear,Middle East & Africa,Outlet,3,33.35,0,100.05,29.35,21,Male,UPI,https://assets.adidas.com/images/w_600%2Cf_auto%2Cq_auto/69e60b96568f41ac8fa4afd3012d46e3_9366/Adilette_Aqua_Slides_Black_IF7371_01_standard.jpg
100917,8/29/2025,AD-5991-A,Primegreen Jacket,Apparel,Europe,Retail,1,121.1,10,108.99,23.56,29,Male,Google Pay,"https://assets.adidas.com/images/c_fill,g_auto,w_1200,h_630,f_auto,q_auto/w_600,f_auto,q_auto/8d7b43159e2643c08d3fad250061730c_9366/Essentials_Warm-Up_3-Stripes_Track_Jacket_Black_H46099_01_laydown.jpg"
101067,4/3/2023,AD-8885-D,Z.N.E. Hoodie,Apparel,North America,Online,3,119.28,0,357.84,121.1,32,Male,Apple Pay,https://assets.adidas.com/images/w_940%2Cf_auto%2Cq_auto/513a21b39fd644cf83561016dfa26f68_9366/JE7537_21_model.jpg
101117,12/28/2024,AD-3605-C,Predator Freak,Footwear,Asia-Pacific,Retail,6,234.25,0,1405.5,364.55,46,Female,NetBanking,https://www.soccervillage.com/mm5/graphics/00000001/1/fy0610_g01.jpg
100072,4/6/2023,AD-9698-C,Tiro 23 Track Pants,Apparel,Asia-Pacific,Online,2,48.61,20,77.78,25.44,38,Female,Google Pay,https://assets.adidas.com/images/w_600%2Cf_auto%2Cq_auto/d02df6c17bf34147ae3faef5011f4841_9366/Tiro_23_League_Training_Pants_Black_HS7230_01_laydown.jpg
100947,6/17/2024,AD-1853-B,Z.N.E. Hoodie,Apparel,Asia-Pacific,Online,4,127.11,20,406.75,136.83,26,Male,UPI,https://assets.adidas.com/images/w_940%2Cf_auto%2Cq_auto/513a21b39fd644cf83561016dfa26f68_9366/JE7537_21_model.jpg
100746,10/28/2023,AD-1517-D,Training Cap,Accessories,North America,Online,2,18.37,5,34.9,11.59,16,Female,Credit Card,https://res.cloudinary.com/dtc2q8arn/image/upload/v1723744392/Go%20Live%20images/Batch%203/IP2780/IP2780_1_HARDWARE_Photography_Front_Center_View_grey_jkmmpe.jpg
100715,1/29/2025,AD-7786-B,Originals Backpack,Accessories,North America,Outlet,3,57.29,0,171.87,70.94,33,Female,Apple Pay,https://assets.adidas.com/images/w_940%2Cf_auto%2Cq_auto/6e58dbe12eed418ba809246a19b2bd7d_9366/IU0178_01_00_standard.jpg
100557,8/5/2024,AD-5921-A,Adilette Slides,Footwear,Asia-Pacific,Retail,1,36.42,0,36.42,8.87,49,Male,Debit Card,https://assets.adidas.com/images/w_600%2Cf_auto%2Cq_auto/69e60b96568f41ac8fa4afd3012d46e3_9366/Adilette_Aqua_Slides_Black_IF7371_01_standard.jpg
101081,4/17/2023,AD-9873-A,Superstar,Footwear,Asia-Pacific,Online,3,110.01,5,313.53,123.66,28,Male,PayPal,https://footdistrict.com/cdn/shop/files/sneakers-adidas-originals-superstar-eg4958-0.jpg
101045,12/2/2024,AD-7393-D,Sports Bottle,Accessories,Middle East & Africa,Online,4,17.44,0,69.76,33.71,28,Female,Apple Pay,https://assets.adidas.com/images/w_940%2Cf_auto%2Cq_auto/dffb7992446842a98f73aa860118cfee_9366/FM9931_01_00_standard.jpg
100552,7/17/2024,AD-4943-B,Z.N.E. Hoodie,Apparel,Europe,Retail,5,128.95,0,644.75,171.38,25,Female,Cash,https://assets.adidas.com/images/w_940%2Cf_auto%2Cq_auto/513a21b39fd644cf83561016dfa26f68_9366/JE7537_21_model.jpg
100561,9/21/2025,AD-3425-B,Performance Socks (3-pack),Accessories,Asia-Pacific,Online,1,17.79,0,17.79,5.36,45,Male,Apple Pay,https://assets.adidas.com/images/w_940%2Cf_auto%2Cq_auto/717ff966f0854fe089472eb7a83debd8_9366/JC6446_03_standard_hover.jpg
100424,4/2/2024,AD-1587-A,Z.N.E. Hoodie,Apparel,Europe,Retail,2,106.07,10,190.93,53.32,37,Male,Apple Pay,https://assets.adidas.com/images/w_940%2Cf_auto%2Cq_auto/513a21b39fd644cf83561016dfa26f68_9366/JE7537_21_model.jpg
101013,9/23/2023,AD-1866-C,Ultraboost 22,Footwear,Asia-Pacific,Retail,3,196.56,0,589.68,194.21,24,Male,NetBanking,https://justfreshkicks.com/wp-content/uploads/2021/12/adidas-Ultra-Boost-2022-Triple-White-GX5459-Release-Date-Price.jpeg
100325,9/27/2023,AD-7024-B,Running Watch Strap,Accessories,Europe,Retail,3,40.61,0,121.83,41.88,32,Male,PayPal,https://assets.adidas.com/images/w_940%2Cf_auto%2Cq_auto/bfdb966c006f4a02a9b6ad0e00a5b1b4_9366/Running_Strap_Black_HN5572_01_standard.jpg
100923,4/24/2025,AD-8539-D,Primegreen Jacket,Apparel,North America,Online,3,143.42,0,430.26,137.33,37,Female,Google Pay,"https://assets.adidas.com/images/c_fill,g_auto,w_1200,h_630,f_auto,q_auto/w_600,f_auto,q_auto/8d7b43159e2643c08d3fad250061730c_9366/Essentials_Warm-Up_3-Stripes_Track_Jacket_Black_H46099_01_laydown.jpg"
100316,7/30/2023,AD-9108-D,Gym Bag,Accessories,North America,Online,4,37.36,0,149.44,42.96,36,Female,UPI,https://assets.adidas.com/images/w_600%2Cf_auto%2Cq_auto/d525201fecc84b71af1761f4e9cc371a_9366/Lounge_Duffel_Bag_Grey_JK5352_01_00_standard.jpg
100803,5/2/2024,AD-8112-D,Essentials Tee,Apparel,Europe,Retail,3,26.21,0,78.63,21.36,39,Female,PayPal,https://shop.simon.com/cdn/shop/files/3f84ca8be8d64d3fb9b66db4a3b02046.jpg
101162,2/12/2025,AD-6747-C,Predator Freak,Footwear,North America,Outlet,1,214.74,0,214.74,60.58,18,Male,Google Pay,https://www.soccervillage.com/mm5/graphics/00000001/1/fy0610_g01.jpg
100528,2/27/2024,AD-5458-D,Adilette Slides,Footwear,North America,Online,3,38.49,0,115.47,34.28,25,Female,Google Pay,https://assets.adidas.com/images/w_600%2Cf_auto%2Cq_auto/69e60b96568f41ac8fa4afd3012d46e3_9366/Adilette_Aqua_Slides_Black_IF7371_01_standard.jpg
100836,12/15/2024,AD-2380-A,Training Shorts,Apparel,Asia-Pacific,Online,3,33.74,0,101.22,31.5,36,Male,NetBanking,https://assets.adidas.com/images/w_600%2Cf_auto%2Cq_auto/14732790a86d43329cf8df8f1c77367e_9366/Designed_for_Training_Workout_Shorts_Black_IK9723_01_laydown.jpg
100714,1/31/2024,AD-4533-D,Training Shorts,Apparel,Europe,Online,2,31.34,10,56.41,15.34,40,Male,Debit Card,https://assets.adidas.com/images/w_600%2Cf_auto%2Cq_auto/14732790a86d43329cf8df8f1c77367e_9366/Designed_for_Training_Workout_Shorts_Black_IK9723_01_laydown.jpg
100900,5/28/2023,AD-5006-A,Predator Freak,Footwear,North America,Online,4,213.99,0,855.96,293.9,29,Male,Apple Pay,https://www.soccervillage.com/mm5/graphics/00000001/1/fy0610_g01.jpg
100060,7/6/2023,AD-5558-D,Ultraboost Light,Footwear,Europe,Retail,2,172.95,40,207.54,73.32,39,Male,Apple Pay,https://res.cloudinary.com/dtc2q8arn/image/upload/v1723747674/Go%20Live%20images/Batch%203/ID3316/ID3316_14_FOOTWEAR_Photography_HeroMrktng_View_3_uk3cpt.jpg
100722,6/8/2024,AD-3219-C,Running Watch Strap,Accessories,North America,Retail,1,39.98,10,35.98,11.33,33,Male,Google Pay,https://assets.adidas.com/images/w_940%2Cf_auto%2Cq_auto/bfdb966c006f4a02a9b6ad0e00a5b1b4_9366/Running_Strap_Black_HN5572_01_standard.jpg
100092,5/5/2023,AD-7684-A,Ultraboost 22,Footwear,Asia-Pacific,Online,2,180.41,0,360.82,125.72,42,Male,Credit Card,https://justfreshkicks.com/wp-content/uploads/2021/12/adidas-Ultra-Boost-2022-Triple-White-GX5459-Release-Date-Price.jpeg
100857,1/27/2024,AD-5187-A,Essentials Tee,Apparel,Middle East & Africa,Retail,1,23.3,10,20.97,6.89,25,Male,PayPal,https://shop.simon.com/cdn/shop/files/3f84ca8be8d64d3fb9b66db4a3b02046.jpg
100618,10/8/2023,AD-6218-C,Stan Smith,Footwear,Asia-Pacific,Retail,6,96.78,10,522.61,175.15,26,Male,Cash,https://assets.adidas.com/images/w_600%2Cf_auto%2Cq_auto/69721f2e7c934d909168a80e00818569_9366/Stan_Smith_Shoes_White_M20324_01_standard.jpg
100351,8/15/2025,AD-6761-B,Copa Sense,Footwear,Asia-Pacific,Outlet,4,137.62,20,440.38,108.09,26,Female,Credit Card,https://res.cloudinary.com/dtc2q8arn/image/upload/v1727704399/Batch%204_5/GZ1370/GZ1370_1_FOOTWEAR_Photography_Side_Lateral_Center_View_grey_ooqo8x.jpg
100932,11/18/2024,AD-9721-B,Ultraboost 22,Footwear,North America,Online,4,158.8,0,635.2,146.93,20,Male,Credit Card,https://justfreshkicks.com/wp-content/uploads/2021/12/adidas-Ultra-Boost-2022-Triple-White-GX5459-Release-Date-Price.jpeg
100280,4/22/2023,AD-6432-D,Adicolor Hoodie,Apparel,Europe,Retail,2,69.32,0,138.64,42.31,35,Male,Apple Pay,https://assets.adidas.com/images/w_940%2Cf_auto%2Cq_auto/cb64f14e00914389b9790ba55a528715_9366/JW5965_21_model.jpg
100420,9/28/2025,AD-8895-C,Z.N.E. Hoodie,Apparel,Asia-Pacific,Retail,6,107.1,0,642.6,118.11,33,Male,UPI,https://assets.adidas.com/images/w_940%2Cf_auto%2Cq_auto/513a21b39fd644cf83561016dfa26f68_9366/JE7537_21_model.jpg
101114,7/10/2025,AD-6490-B,Originals Backpack,Accessories,North America,Retail,1,53.66,10,48.29,18.54,27,Female,Cash,https://assets.adidas.com/images/w_940%2Cf_auto%2Cq_auto/6e58dbe12eed418ba809246a19b2bd7d_9366/IU0178_01_00_standard.jpg
100359,5/25/2023,AD-6500-D,Z.N.E. Hoodie,Apparel,North America,Wholesale,5,122.2,0,611,167.15,33,Male,Debit Card,https://assets.adidas.com/images/w_940%2Cf_auto%2Cq_auto/513a21b39fd644cf83561016dfa26f68_9366/JE7537_21_model.jpg
100422,5/22/2025,AD-1824-B,Training Cap,Accessories,North America,Retail,5,21.28,0,106.4,40.22,23,Male,NetBanking,https://res.cloudinary.com/dtc2q8arn/image/upload/v1723744392/Go%20Live%20images/Batch%203/IP2780/IP2780_1_HARDWARE_Photography_Front_Center_View_grey_jkmmpe.jpg
100678,7/16/2023,AD-8605-B,Stan Smith,Footwear,Middle East & Africa,Retail,6,89.06,0,534.36,143.36,29,Female,UPI,https://assets.adidas.com/images/w_600%2Cf_auto%2Cq_auto/69721f2e7c934d909168a80e00818569_9366/Stan_Smith_Shoes_White_M20324_01_standard.jpg
100526,9/3/2024,AD-7467-B,Adicolor Hoodie,Apparel,Europe,Online,5,73.03,0,365.15,138.2,27,Female,Apple Pay,https://assets.adidas.com/images/w_940%2Cf_auto%2Cq_auto/cb64f14e00914389b9790ba55a528715_9366/JW5965_21_model.jpg
100477,4/4/2024,AD-3979-C,NMD_R1,Footwear,Latin America,Online,2,123.83,0,247.66,75.69,33,Female,PayPal,https://assets.adidas.com/images/w_940%2Cf_auto%2Cq_auto/8563f8e2e30a4df4821eae1e002e3dc9_9366/GW5698_01_00_standard.jpg
101094,9/27/2024,AD-5762-D,Ultraboost Light,Footwear,North America,Outlet,4,129.38,0,517.52,124.13,18,Male,Debit Card,https://res.cloudinary.com/dtc2q8arn/image/upload/v1723747674/Go%20Live%20images/Batch%203/ID3316/ID3316_14_FOOTWEAR_Photography_HeroMrktng_View_3_uk3cpt.jpg
100182,5/10/2023,AD-3513-D,Superstar,Footwear,Asia-Pacific,Online,3,99.33,20,238.39,76.85,39,Female,Credit Card,https://footdistrict.com/cdn/shop/files/sneakers-adidas-originals-superstar-eg4958-0.jpg
101091,12/28/2023,AD-8242-B,Superstar,Footwear,Asia-Pacific,Retail,3,97.04,10,262.01,102.99,22,Other,NetBanking,https://footdistrict.com/cdn/shop/files/sneakers-adidas-originals-superstar-eg4958-0.jpg
100432,12/9/2024,AD-9259-D,Running Watch Strap,Accessories,Asia-Pacific,Online,3,38.09,20,91.42,31.63,33,Female,Cash,https://assets.adidas.com/images/w_940%2Cf_auto%2Cq_auto/bfdb966c006f4a02a9b6ad0e00a5b1b4_9366/Running_Strap_Black_HN5572_01_standard.jpg
100110,11/13/2023,AD-7807-B,Performance Socks (3-pack),Accessories,Europe,Online,3,17.64,10,47.63,20.06,30,Female,Cash,https://assets.adidas.com/images/w_940%2Cf_auto%2Cq_auto/717ff966f0854fe089472eb7a83debd8_9366/JC6446_03_standard_hover.jpg
100370,5/7/2025,AD-9871-D,Essentials Tee,Apparel,North America,Retail,4,24.73,0,98.92,33.65,45,Male,Cash,https://shop.simon.com/cdn/shop/files/3f84ca8be8d64d3fb9b66db4a3b02046.jpg
100239,3/10/2023,AD-1724-D,Stan Smith,Footwear,Europe,Retail,5,76.77,0,383.85,117.01,24,Female,UPI,https://assets.adidas.com/images/w_600%2Cf_auto%2Cq_auto/69721f2e7c934d909168a80e00818569_9366/Stan_Smith_Shoes_White_M20324_01_standard.jpg
100708,6/30/2024,AD-6246-B,Tiro 23 Track Pants,Apparel,North America,Wholesale,3,57.58,10,155.47,39.68,42,Female,Google Pay,https://assets.adidas.com/images/w_600%2Cf_auto%2Cq_auto/d02df6c17bf34147ae3faef5011f4841_9366/Tiro_23_League_Training_Pants_Black_HS7230_01_laydown.jpg
100629,11/12/2023,AD-6364-D,Primegreen Jacket,Apparel,North America,Outlet,4,124.82,10,449.35,136.62,31,Female,Apple Pay,"https://assets.adidas.com/images/c_fill,g_auto,w_1200,h_630,f_auto,q_auto/w_600,f_auto,q_auto/8d7b43159e2643c08d3fad250061730c_9366/Essentials_Warm-Up_3-Stripes_Track_Jacket_Black_H46099_01_laydown.jpg"
100593,3/5/2024,AD-3155-B,Tiro 23 Track Pants,Apparel,Asia-Pacific,Online,2,53.17,5,101.02,20.3,36,Female,Debit Card,https://assets.adidas.com/images/w_600%2Cf_auto%2Cq_auto/d02df6c17bf34147ae3faef5011f4841_9366/Tiro_23_League_Training_Pants_Black_HS7230_01_laydown.jpg
100485,4/20/2023,AD-5514-D,Predator Freak,Footwear,Asia-Pacific,Online,3,211.95,5,604.06,172.89,37,Male,Cash,https://www.soccervillage.com/mm5/graphics/00000001/1/fy0610_g01.jpg
100700,3/31/2023,AD-5521-A,Superstar,Footwear,North America,Wholesale,5,89.74,5,426.26,85.91,28,Male,PayPal,https://footdistrict.com/cdn/shop/files/sneakers-adidas-originals-superstar-eg4958-0.jpg
100261,7/11/2025,AD-3938-C,Running Watch Strap,Accessories,North America,Online,6,39.33,5,224.18,84.62,26,Female,Credit Card,https://assets.adidas.com/images/w_940%2Cf_auto%2Cq_auto/bfdb966c006f4a02a9b6ad0e00a5b1b4_9366/Running_Strap_Black_HN5572_01_standard.jpg
100479,7/27/2023,AD-3906-D,Gym Bag,Accessories,Europe,Online,4,40.33,0,161.32,56.08,22,Male,Debit Card,https://assets.adidas.com/images/w_600%2Cf_auto%2Cq_auto/d525201fecc84b71af1761f4e9cc371a_9366/Lounge_Duffel_Bag_Grey_JK5352_01_00_standard.jpg
100649,2/25/2023,AD-8803-B,Essentials Tee,Apparel,North America,Online,2,22.33,0,44.66,11.29,28,Male,NetBanking,https://shop.simon.com/cdn/shop/files/3f84ca8be8d64d3fb9b66db4a3b02046.jpg
100339,9/29/2023,AD-4522-C,Stan Smith,Footwear,Asia-Pacific,Online,3,81.07,10,218.89,63.91,35,Female,Credit Card,https://assets.adidas.com/images/w_600%2Cf_auto%2Cq_auto/69721f2e7c934d909168a80e00818569_9366/Stan_Smith_Shoes_White_M20324_01_standard.jpg
100668,2/27/2023,AD-9791-B,Z.N.E. Hoodie,Apparel,North America,Online,3,113.96,0,341.88,80.36,45,Female,Google Pay,https://assets.adidas.com/images/w_940%2Cf_auto%2Cq_auto/513a21b39fd644cf83561016dfa26f68_9366/JE7537_21_model.jpg
100551,3/22/2025,AD-6772-C,Copa Sense,Footwear,Europe,Retail,5,160.13,0,800.65,202.21,43,Male,Google Pay,https://res.cloudinary.com/dtc2q8arn/image/upload/v1727704399/Batch%204_5/GZ1370/GZ1370_1_FOOTWEAR_Photography_Side_Lateral_Center_View_grey_ooqo8x.jpg
100458,7/16/2025,AD-3971-A,Gym Bag,Accessories,North America,Retail,3,45.06,10,121.66,39.41,25,Male,Debit Card,https://assets.adidas.com/images/w_600%2Cf_auto%2Cq_auto/d525201fecc84b71af1761f4e9cc371a_9366/Lounge_Duffel_Bag_Grey_JK5352_01_00_standard.jpg
100183,8/29/2025,AD-6150-C,Training Shorts,Apparel,Asia-Pacific,Retail,2,31.18,5,59.24,17.92,23,Male,Apple Pay,https://assets.adidas.com/images/w_600%2Cf_auto%2Cq_auto/14732790a86d43329cf8df8f1c77367e_9366/Designed_for_Training_Workout_Shorts_Black_IK9723_01_laydown.jpg
100137,1/8/2025,AD-1815-A,Z.N.E. Hoodie,Apparel,Asia-Pacific,Online,3,103.58,0,310.74,62.98,30,Male,PayPal,https://assets.adidas.com/images/w_940%2Cf_auto%2Cq_auto/513a21b39fd644cf83561016dfa26f68_9366/JE7537_21_model.jpg
101160,9/24/2025,AD-8763-A,Essentials Tee,Apparel,North America,Retail,3,25.83,0,77.49,27.12,37,Male,Cash,https://shop.simon.com/cdn/shop/files/3f84ca8be8d64d3fb9b66db4a3b02046.jpg
100706,5/9/2025,AD-5266-C,Predator Freak,Footwear,North America,Wholesale,2,203.8,20,326.08,89.79,22,Female,Google Pay,https://www.soccervillage.com/mm5/graphics/00000001/1/fy0610_g01.jpg
100581,2/2/2025,AD-4783-B,Essentials Tee,Apparel,North America,Online,1,24.55,20,19.64,6.73,43,Male,NetBanking,https://shop.simon.com/cdn/shop/files/3f84ca8be8d64d3fb9b66db4a3b02046.jpg
100080,11/1/2023,AD-4404-B,Running Watch Strap,Accessories,Europe,Retail,5,40.37,0,201.85,88.53,35,Female,Debit Card,https://assets.adidas.com/images/w_940%2Cf_auto%2Cq_auto/bfdb966c006f4a02a9b6ad0e00a5b1b4_9366/Running_Strap_Black_HN5572_01_standard.jpg
100768,8/12/2023,AD-9034-C,Predator Freak,Footwear,North America,Online,3,238.57,10,644.14,187.22,39,Male,Credit Card,https://www.soccervillage.com/mm5/graphics/00000001/1/fy0610_g01.jpg
100869,1/5/2023,AD-9816-A,Ultraboost 22,Footwear,Europe,Outlet,4,179.15,0,716.6,314.19,25,Female,Apple Pay,https://justfreshkicks.com/wp-content/uploads/2021/12/adidas-Ultra-Boost-2022-Triple-White-GX5459-Release-Date-Price.jpeg
100761,5/30/2025,AD-5201-B,Superstar,Footwear,Latin America,Online,3,107.31,0,321.93,90.73,16,Male,PayPal,https://footdistrict.com/cdn/shop/files/sneakers-adidas-originals-superstar-eg4958-0.jpg
100029,3/5/2024,AD-4910-C,Running Watch Strap,Accessories,Europe,Online,4,40.95,0,163.8,57.41,24,Female,Cash,https://assets.adidas.com/images/w_940%2Cf_auto%2Cq_auto/bfdb966c006f4a02a9b6ad0e00a5b1b4_9366/Running_Strap_Black_HN5572_01_standard.jpg
100541,7/10/2024,AD-2128-B,Training Shorts,Apparel,Europe,Outlet,3,28.77,5,81.99,22.73,26,Female,PayPal,https://assets.adidas.com/images/w_600%2Cf_auto%2Cq_auto/14732790a86d43329cf8df8f1c77367e_9366/Designed_for_Training_Workout_Shorts_Black_IK9723_01_laydown.jpg
100165,8/10/2025,AD-7142-B,Ultraboost 22,Footwear,Europe,Online,3,161.89,5,461.39,126.48,31,Male,Debit Card,https://justfreshkicks.com/wp-content/uploads/2021/12/adidas-Ultra-Boost-2022-Triple-White-GX5459-Release-Date-Price.jpeg
100248,11/7/2023,AD-4974-B,Ultraboost 22,Footwear,North America,Retail,2,200.02,20,320.03,104.93,21,Female,Google Pay,https://justfreshkicks.com/wp-content/uploads/2021/12/adidas-Ultra-Boost-2022-Triple-White-GX5459-Release-Date-Price.jpeg
100307,10/3/2024,AD-4314-B,Performance Socks (3-pack),Accessories,Latin America,Online,4,16.94,10,60.98,24.56,34,Male,Apple Pay,https://assets.adidas.com/images/w_940%2Cf_auto%2Cq_auto/717ff966f0854fe089472eb7a83debd8_9366/JC6446_03_standard_hover.jpg
100447,7/28/2024,AD-1653-C,Ultraboost 22,Footwear,Europe,Online,2,181.12,10,326.02,122.48,25,Female,UPI,https://justfreshkicks.com/wp-content/uploads/2021/12/adidas-Ultra-Boost-2022-Triple-White-GX5459-Release-Date-Price.jpeg
100346,10/24/2024,AD-3248-D,Tiro 23 Track Pants,Apparel,Latin America,Retail,4,55.74,5,211.81,64.92,35,Male,Apple Pay,https://assets.adidas.com/images/w_600%2Cf_auto%2Cq_auto/d02df6c17bf34147ae3faef5011f4841_9366/Tiro_23_League_Training_Pants_Black_HS7230_01_laydown.jpg
100334,9/11/2025,AD-9515-D,Ultraboost Light,Footwear,North America,Online,1,150.91,0,150.91,33.19,27,Male,UPI,https://res.cloudinary.com/dtc2q8arn/image/upload/v1723747674/Go%20Live%20images/Batch%203/ID3316/ID3316_14_FOOTWEAR_Photography_HeroMrktng_View_3_uk3cpt.jpg
100285,11/4/2023,AD-4996-B,Ultraboost Light,Footwear,North America,Outlet,3,157.11,0,471.33,167.7,24,Female,PayPal,https://res.cloudinary.com/dtc2q8arn/image/upload/v1723747674/Go%20Live%20images/Batch%203/ID3316/ID3316_14_FOOTWEAR_Photography_HeroMrktng_View_3_uk3cpt.jpg
100949,3/12/2024,AD-5966-C,Performance Socks (3-pack),Accessories,Asia-Pacific,Online,2,18,5,34.2,10.24,16,Male,UPI,https://assets.adidas.com/images/w_940%2Cf_auto%2Cq_auto/717ff966f0854fe089472eb7a83debd8_9366/JC6446_03_standard_hover.jpg
100097,8/8/2024,AD-7325-B,Primegreen Jacket,Apparel,Asia-Pacific,Online,3,124.51,20,298.82,84.17,31,Female,Apple Pay,"https://assets.adidas.com/images/c_fill,g_auto,w_1200,h_630,f_auto,q_auto/w_600,f_auto,q_auto/8d7b43159e2643c08d3fad250061730c_9366/Essentials_Warm-Up_3-Stripes_Track_Jacket_Black_H46099_01_laydown.jpg"
100467,5/28/2024,AD-9423-B,Gym Bag,Accessories,Europe,Online,1,44.94,10,40.45,11.95,41,Male,PayPal,https://assets.adidas.com/images/w_600%2Cf_auto%2Cq_auto/d525201fecc84b71af1761f4e9cc371a_9366/Lounge_Duffel_Bag_Grey_JK5352_01_00_standard.jpg
101036,5/5/2024,AD-6751-D,Ultraboost Light,Footwear,Asia-Pacific,Online,5,165.79,0,828.95,257.41,29,Male,NetBanking,https://res.cloudinary.com/dtc2q8arn/image/upload/v1723747674/Go%20Live%20images/Batch%203/ID3316/ID3316_14_FOOTWEAR_Photography_HeroMrktng_View_3_uk3cpt.jpg
100912,6/5/2025,AD-8559-C,Primegreen Jacket,Apparel,Asia-Pacific,Online,2,149.73,20,239.57,42.88,34,Male,Google Pay,"https://assets.adidas.com/images/c_fill,g_auto,w_1200,h_630,f_auto,q_auto/w_600,f_auto,q_auto/8d7b43159e2643c08d3fad250061730c_9366/Essentials_Warm-Up_3-Stripes_Track_Jacket_Black_H46099_01_laydown.jpg"
100755,5/29/2024,AD-9779-B,Z.N.E. Hoodie,Apparel,North America,Wholesale,3,140.63,20,337.51,104.97,28,Male,Debit Card,https://assets.adidas.com/images/w_940%2Cf_auto%2Cq_auto/513a21b39fd644cf83561016dfa26f68_9366/JE7537_21_model.jpg
100944,1/20/2024,AD-6385-B,Adilette Slides,Footwear,North America,Retail,3,37.57,0,112.71,45.41,28,Other,Google Pay,https://assets.adidas.com/images/w_600%2Cf_auto%2Cq_auto/69e60b96568f41ac8fa4afd3012d46e3_9366/Adilette_Aqua_Slides_Black_IF7371_01_standard.jpg
100613,6/2/2024,AD-9579-C,Ultraboost 22,Footwear,Latin America,Online,1,169.09,0,169.09,60.62,31,Male,Google Pay,https://justfreshkicks.com/wp-content/uploads/2021/12/adidas-Ultra-Boost-2022-Triple-White-GX5459-Release-Date-Price.jpeg
100801,3/9/2025,AD-8083-C,Primegreen Jacket,Apparel,Asia-Pacific,Retail,4,116.21,5,441.6,143.78,42,Male,Google Pay,"https://assets.adidas.com/images/c_fill,g_auto,w_1200,h_630,f_auto,q_auto/w_600,f_auto,q_auto/8d7b43159e2643c08d3fad250061730c_9366/Essentials_Warm-Up_3-Stripes_Track_Jacket_Black_H46099_01_laydown.jpg"
100757,10/7/2023,AD-5945-C,Superstar,Footwear,Europe,Online,3,91.85,0,275.55,101.54,16,Male,Debit Card,https://footdistrict.com/cdn/shop/files/sneakers-adidas-originals-superstar-eg4958-0.jpg
100688,6/1/2025,AD-5060-C,Adilette Slides,Footwear,Latin America,Online,3,32.26,0,96.78,35.84,37,Female,UPI,https://assets.adidas.com/images/w_600%2Cf_auto%2Cq_auto/69e60b96568f41ac8fa4afd3012d46e3_9366/Adilette_Aqua_Slides_Black_IF7371_01_standard.jpg
100065,8/29/2024,AD-1672-C,Adicolor Hoodie,Apparel,Asia-Pacific,Outlet,5,67.33,10,302.99,90.49,41,Female,Debit Card,https://assets.adidas.com/images/w_940%2Cf_auto%2Cq_auto/cb64f14e00914389b9790ba55a528715_9366/JW5965_21_model.jpg
100793,8/24/2023,AD-1668-D,Copa Sense,Footwear,North America,Retail,2,166.46,10,299.63,111.39,27,Male,Google Pay,https://res.cloudinary.com/dtc2q8arn/image/upload/v1727704399/Batch%204_5/GZ1370/GZ1370_1_FOOTWEAR_Photography_Side_Lateral_Center_View_grey_ooqo8x.jpg
100743,5/11/2024,AD-4781-B,Gym Bag,Accessories,Asia-Pacific,Online,4,50.43,40,121.03,27.97,30,Male,Google Pay,https://assets.adidas.com/images/w_600%2Cf_auto%2Cq_auto/d525201fecc84b71af1761f4e9cc371a_9366/Lounge_Duffel_Bag_Grey_JK5352_01_00_standard.jpg
100567,1/27/2025,AD-1225-C,Ultraboost Light,Footwear,Asia-Pacific,Online,3,150.64,20,361.54,91.06,28,Female,NetBanking,https://res.cloudinary.com/dtc2q8arn/image/upload/v1723747674/Go%20Live%20images/Batch%203/ID3316/ID3316_14_FOOTWEAR_Photography_HeroMrktng_View_3_uk3cpt.jpg
101083,3/29/2023,AD-2527-C,Running Watch Strap,Accessories,Asia-Pacific,Retail,4,38.86,0,155.44,56.27,46,Male,Cash,https://assets.adidas.com/images/w_940%2Cf_auto%2Cq_auto/bfdb966c006f4a02a9b6ad0e00a5b1b4_9366/Running_Strap_Black_HN5572_01_standard.jpg
101098,4/10/2024,AD-7230-A,Ultraboost Light,Footwear,Middle East & Africa,Online,3,146.39,0,439.17,117.89,18,Male,Credit Card,https://res.cloudinary.com/dtc2q8arn/image/upload/v1723747674/Go%20Live%20images/Batch%203/ID3316/ID3316_14_FOOTWEAR_Photography_HeroMrktng_View_3_uk3cpt.jpg
100302,12/29/2024,AD-7786-D,Z.N.E. Hoodie,Apparel,Asia-Pacific,Retail,2,119.21,0,238.42,54.9,26,Male,NetBanking,https://assets.adidas.com/images/w_940%2Cf_auto%2Cq_auto/513a21b39fd644cf83561016dfa26f68_9366/JE7537_21_model.jpg
100254,6/20/2024,AD-7756-B,Ultraboost Light,Footwear,North America,Outlet,5,145.34,0,726.7,224.2,33,Male,Credit Card,https://res.cloudinary.com/dtc2q8arn/image/upload/v1723747674/Go%20Live%20images/Batch%203/ID3316/ID3316_14_FOOTWEAR_Photography_HeroMrktng_View_3_uk3cpt.jpg
100958,8/1/2025,AD-8462-B,Training Shorts,Apparel,Asia-Pacific,Retail,4,29.68,0,118.72,36.94,18,Female,NetBanking,https://assets.adidas.com/images/w_600%2Cf_auto%2Cq_auto/14732790a86d43329cf8df8f1c77367e_9366/Designed_for_Training_Workout_Shorts_Black_IK9723_01_laydown.jpg
101023,8/15/2025,AD-6382-C,Performance Socks (3-pack),Accessories,Latin America,Online,4,17.71,0,70.84,13.62,29,Male,Google Pay,https://assets.adidas.com/images/w_940%2Cf_auto%2Cq_auto/717ff966f0854fe089472eb7a83debd8_9366/JC6446_03_standard_hover.jpg
100312,4/16/2023,AD-3340-A,Z.N.E. Hoodie,Apparel,North America,Online,6,120.23,5,685.31,249.96,28,Female,PayPal,https://assets.adidas.com/images/w_940%2Cf_auto%2Cq_auto/513a21b39fd644cf83561016dfa26f68_9366/JE7537_21_model.jpg
100529,7/12/2023,AD-5622-C,Z.N.E. Hoodie,Apparel,North America,Retail,2,101.14,10,182.05,53.84,19,Male,Debit Card,https://assets.adidas.com/images/w_940%2Cf_auto%2Cq_auto/513a21b39fd644cf83561016dfa26f68_9366/JE7537_21_model.jpg
100221,8/17/2025,AD-5662-D,Tiro 23 Track Pants,Apparel,North America,Retail,7,46.97,0,328.79,107.03,32,Male,Cash,https://assets.adidas.com/images/w_600%2Cf_auto%2Cq_auto/d02df6c17bf34147ae3faef5011f4841_9366/Tiro_23_League_Training_Pants_Black_HS7230_01_laydown.jpg
100388,10/24/2024,AD-5511-D,Copa Sense,Footwear,North America,Online,2,180.08,0,360.16,84.13,34,Female,NetBanking,https://res.cloudinary.com/dtc2q8arn/image/upload/v1727704399/Batch%204_5/GZ1370/GZ1370_1_FOOTWEAR_Photography_Side_Lateral_Center_View_grey_ooqo8x.jpg
100235,7/1/2025,AD-6697-A,Primegreen Jacket,Apparel,Latin America,Online,4,118.57,5,450.57,134.34,25,Male,PayPal,"https://assets.adidas.com/images/c_fill,g_auto,w_1200,h_630,f_auto,q_auto/w_600,f_auto,q_auto/8d7b43159e2643c08d3fad250061730c_9366/Essentials_Warm-Up_3-Stripes_Track_Jacket_Black_H46099_01_laydown.jpg"
100809,2/14/2025,AD-4458-B,Performance Socks (3-pack),Accessories,North America,Wholesale,1,17.52,0,17.52,3.67,22,Female,PayPal,https://assets.adidas.com/images/w_940%2Cf_auto%2Cq_auto/717ff966f0854fe089472eb7a83debd8_9366/JC6446_03_standard_hover.jpg
100482,1/15/2024,AD-6742-A,Ultraboost Light,Footwear,Europe,Wholesale,3,181.45,0,544.35,133.04,39,Male,Apple Pay,https://res.cloudinary.com/dtc2q8arn/image/upload/v1723747674/Go%20Live%20images/Batch%203/ID3316/ID3316_14_FOOTWEAR_Photography_HeroMrktng_View_3_uk3cpt.jpg
100712,1/24/2023,AD-4185-D,Superstar,Footwear,Europe,Retail,1,96.24,0,96.24,23.12,19,Male,Apple Pay,https://footdistrict.com/cdn/shop/files/sneakers-adidas-originals-superstar-eg4958-0.jpg
100305,3/25/2025,AD-5646-C,Sports Bottle,Accessories,Middle East & Africa,Outlet,3,13.86,5,39.5,12.04,34,Male,Cash,https://assets.adidas.com/images/w_940%2Cf_auto%2Cq_auto/dffb7992446842a98f73aa860118cfee_9366/FM9931_01_00_standard.jpg
101110,3/31/2023,AD-8276-A,Stan Smith,Footwear,North America,Wholesale,1,93.52,10,84.17,25.93,31,Male,Debit Card,https://assets.adidas.com/images/w_600%2Cf_auto%2Cq_auto/69721f2e7c934d909168a80e00818569_9366/Stan_Smith_Shoes_White_M20324_01_standard.jpg
101089,9/17/2024,AD-3336-C,NMD_R1,Footwear,North America,Retail,1,132.7,10,119.43,21.29,35,Male,Credit Card,https://assets.adidas.com/images/w_940%2Cf_auto%2Cq_auto/8563f8e2e30a4df4821eae1e002e3dc9_9366/GW5698_01_00_standard.jpg
100771,7/19/2024,AD-9763-B,Primegreen Jacket,Apparel,Middle East & Africa,Online,1,121.17,5,115.11,38.85,31,Female,Debit Card,"https://assets.adidas.com/images/c_fill,g_auto,w_1200,h_630,f_auto,q_auto/w_600,f_auto,q_auto/8d7b43159e2643c08d3fad250061730c_9366/Essentials_Warm-Up_3-Stripes_Track_Jacket_Black_H46099_01_laydown.jpg"
100916,8/4/2024,AD-7247-B,Ultraboost Light,Footwear,North America,Wholesale,1,152.73,0,152.73,50.68,21,Male,Apple Pay,https://res.cloudinary.com/dtc2q8arn/image/upload/v1723747674/Go%20Live%20images/Batch%203/ID3316/ID3316_14_FOOTWEAR_Photography_HeroMrktng_View_3_uk3cpt.jpg
101138,10/21/2024,AD-1606-A,Running Watch Strap,Accessories,Latin America,Online,1,35.72,0,35.72,15.13,30,Female,Apple Pay,https://assets.adidas.com/images/w_940%2Cf_auto%2Cq_auto/bfdb966c006f4a02a9b6ad0e00a5b1b4_9366/Running_Strap_Black_HN5572_01_standard.jpg
100249,2/11/2024,AD-6053-C,Adicolor Hoodie,Apparel,Asia-Pacific,Online,2,68.29,0,136.58,38.71,34,Male,Cash,https://assets.adidas.com/images/w_940%2Cf_auto%2Cq_auto/cb64f14e00914389b9790ba55a528715_9366/JW5965_21_model.jpg
100759,8/13/2024,AD-1981-B,Training Cap,Accessories,Middle East & Africa,Retail,5,22.79,20,91.16,27.55,23,Male,Apple Pay,https://res.cloudinary.com/dtc2q8arn/image/upload/v1723744392/Go%20Live%20images/Batch%203/IP2780/IP2780_1_HARDWARE_Photography_Front_Center_View_grey_jkmmpe.jpg
100594,1/4/2023,AD-9084-B,NMD_R1,Footwear,North America,Retail,2,119.58,0,239.16,62.75,37,Male,Credit Card,https://assets.adidas.com/images/w_940%2Cf_auto%2Cq_auto/8563f8e2e30a4df4821eae1e002e3dc9_9366/GW5698_01_00_standard.jpg
100071,3/29/2023,AD-8342-A,Adicolor Hoodie,Apparel,Europe,Retail,2,80.17,0,160.34,43.83,37,Female,Google Pay,https://assets.adidas.com/images/w_940%2Cf_auto%2Cq_auto/cb64f14e00914389b9790ba55a528715_9366/JW5965_21_model.jpg
100094,3/1/2024,AD-2143-C,Training Cap,Accessories,North America,Retail,2,20.13,0,40.26,11.44,31,Male,PayPal,https://res.cloudinary.com/dtc2q8arn/image/upload/v1723744392/Go%20Live%20images/Batch%203/IP2780/IP2780_1_HARDWARE_Photography_Front_Center_View_grey_jkmmpe.jpg
100545,2/14/2023,AD-7366-D,Predator Freak,Footwear,North America,Online,2,222.43,20,355.89,115.76,31,Male,Credit Card,https://www.soccervillage.com/mm5/graphics/00000001/1/fy0610_g01.jpg
100033,8/19/2025,AD-4450-C,Predator Freak,Footwear,Latin America,Retail,2,204.91,40,245.89,60.6,33,Male,NetBanking,https://www.soccervillage.com/mm5/graphics/00000001/1/fy0610_g01.jpg
100861,11/22/2023,AD-5409-A,Performance Socks (3-pack),Accessories,North America,Online,1,16.01,0,16.01,5.89,16,Female,Credit Card,https://assets.adidas.com/images/w_940%2Cf_auto%2Cq_auto/717ff966f0854fe089472eb7a83debd8_9366/JC6446_03_standard_hover.jpg
100578,8/17/2024,AD-8046-B,Sports Bottle,Accessories,North America,Online,2,16.98,0,33.96,13.75,19,Female,PayPal,https://assets.adidas.com/images/w_940%2Cf_auto%2Cq_auto/dffb7992446842a98f73aa860118cfee_9366/FM9931_01_00_standard.jpg
100448,1/26/2024,AD-9426-D,Stan Smith,Footwear,Europe,Online,3,80.63,5,229.8,88.49,29,Female,Cash,https://assets.adidas.com/images/w_600%2Cf_auto%2Cq_auto/69721f2e7c934d909168a80e00818569_9366/Stan_Smith_Shoes_White_M20324_01_standard.jpg
100445,3/16/2023,AD-7814-D,Z.N.E. Hoodie,Apparel,Middle East & Africa,Retail,4,118.53,0,474.12,176,26,Female,PayPal,https://assets.adidas.com/images/w_940%2Cf_auto%2Cq_auto/513a21b39fd644cf83561016dfa26f68_9366/JE7537_21_model.jpg
100259,10/31/2024,AD-3807-A,Ultraboost Light,Footwear,Europe,Retail,4,149.63,10,538.67,129.47,29,Male,Credit Card,https://res.cloudinary.com/dtc2q8arn/image/upload/v1723747674/Go%20Live%20images/Batch%203/ID3316/ID3316_14_FOOTWEAR_Photography_HeroMrktng_View_3_uk3cpt.jpg
100204,2/8/2024,AD-9341-D,Training Shorts,Apparel,Europe,Wholesale,3,29.38,0,88.14,31.2,27,Female,UPI,https://assets.adidas.com/images/w_600%2Cf_auto%2Cq_auto/14732790a86d43329cf8df8f1c77367e_9366/Designed_for_Training_Workout_Shorts_Black_IK9723_01_laydown.jpg
100572,9/30/2025,AD-4054-B,Primegreen Jacket,Apparel,Asia-Pacific,Outlet,4,123.04,0,492.16,147.3,31,Male,Debit Card,"https://assets.adidas.com/images/c_fill,g_auto,w_1200,h_630,f_auto,q_auto/w_600,f_auto,q_auto/8d7b43159e2643c08d3fad250061730c_9366/Essentials_Warm-Up_3-Stripes_Track_Jacket_Black_H46099_01_laydown.jpg"
100823,11/7/2023,AD-3598-B,Adicolor Hoodie,Apparel,North America,Online,4,75.3,20,240.96,72.11,28,Female,Cash,https://assets.adidas.com/images/w_940%2Cf_auto%2Cq_auto/cb64f14e00914389b9790ba55a528715_9366/JW5965_21_model.jpg
100585,6/27/2025,AD-7457-A,Adicolor Hoodie,Apparel,Asia-Pacific,Retail,1,75.63,5,71.85,12.65,41,Female,Cash,https://assets.adidas.com/images/w_940%2Cf_auto%2Cq_auto/cb64f14e00914389b9790ba55a528715_9366/JW5965_21_model.jpg
100365,2/24/2023,AD-5612-C,Stan Smith,Footwear,Middle East & Africa,Online,5,74.78,5,355.2,100.14,32,Female,NetBanking,https://assets.adidas.com/images/w_600%2Cf_auto%2Cq_auto/69721f2e7c934d909168a80e00818569_9366/Stan_Smith_Shoes_White_M20324_01_standard.jpg
100811,6/25/2023,AD-5961-C,Training Cap,Accessories,Europe,Retail,4,21.29,5,80.9,30.97,31,Female,Google Pay,https://res.cloudinary.com/dtc2q8arn/image/upload/v1723744392/Go%20Live%20images/Batch%203/IP2780/IP2780_1_HARDWARE_Photography_Front_Center_View_grey_jkmmpe.jpg
100077,8/10/2024,AD-2869-A,Tiro 23 Track Pants,Apparel,Europe,Online,1,52.36,5,49.74,14.7,32,Male,Google Pay,https://assets.adidas.com/images/w_600%2Cf_auto%2Cq_auto/d02df6c17bf34147ae3faef5011f4841_9366/Tiro_23_League_Training_Pants_Black_HS7230_01_laydown.jpg
100084,3/22/2025,AD-5982-D,Tiro 23 Track Pants,Apparel,Asia-Pacific,Wholesale,3,56.69,0,170.07,47.29,29,Male,Google Pay,https://assets.adidas.com/images/w_600%2Cf_auto%2Cq_auto/d02df6c17bf34147ae3faef5011f4841_9366/Tiro_23_League_Training_Pants_Black_HS7230_01_laydown.jpg
100538,8/11/2025,AD-8992-B,Ultraboost Light,Footwear,Asia-Pacific,Retail,4,153.51,10,552.64,160.62,16,Female,PayPal,https://res.cloudinary.com/dtc2q8arn/image/upload/v1723747674/Go%20Live%20images/Batch%203/ID3316/ID3316_14_FOOTWEAR_Photography_HeroMrktng_View_3_uk3cpt.jpg
100082,2/3/2023,AD-5334-B,Adicolor Hoodie,Apparel,North America,Outlet,4,74.96,5,284.85,77.42,37,Male,UPI,https://assets.adidas.com/images/w_940%2Cf_auto%2Cq_auto/cb64f14e00914389b9790ba55a528715_9366/JW5965_21_model.jpg
100457,7/4/2024,AD-4469-D,Sports Bottle,Accessories,Europe,Retail,4,14.83,0,59.32,26.54,26,Female,Cash,https://assets.adidas.com/images/w_940%2Cf_auto%2Cq_auto/dffb7992446842a98f73aa860118cfee_9366/FM9931_01_00_standard.jpg
101137,3/7/2024,AD-5670-A,Stan Smith,Footwear,North America,Online,5,88.63,10,398.83,94.16,22,Male,Credit Card,https://assets.adidas.com/images/w_600%2Cf_auto%2Cq_auto/69721f2e7c934d909168a80e00818569_9366/Stan_Smith_Shoes_White_M20324_01_standard.jpg
100614,3/5/2025,AD-4361-A,Z.N.E. Hoodie,Apparel,Latin America,Outlet,2,120.76,10,217.37,68.09,16,Female,PayPal,https://assets.adidas.com/images/w_940%2Cf_auto%2Cq_auto/513a21b39fd644cf83561016dfa26f68_9366/JE7537_21_model.jpg
101185,4/21/2025,AD-4027-B,NMD_R1,Footwear,Latin America,Retail,3,142.61,0,427.83,125.1,42,Male,Credit Card,https://assets.adidas.com/images/w_940%2Cf_auto%2Cq_auto/8563f8e2e30a4df4821eae1e002e3dc9_9366/GW5698_01_00_standard.jpg
101075,1/31/2025,AD-8274-A,Predator Freak,Footwear,Asia-Pacific,Online,2,244.85,0,489.7,155.19,22,Male,Cash,https://www.soccervillage.com/mm5/graphics/00000001/1/fy0610_g01.jpg
100736,6/10/2024,AD-9123-C,Adicolor Hoodie,Apparel,Asia-Pacific,Online,4,72.12,5,274.06,96.97,34,Male,PayPal,https://assets.adidas.com/images/w_940%2Cf_auto%2Cq_auto/cb64f14e00914389b9790ba55a528715_9366/JW5965_21_model.jpg
100436,12/28/2024,AD-9747-C,Stan Smith,Footwear,Asia-Pacific,Retail,3,89.53,0,268.59,86.24,19,Female,Apple Pay,https://assets.adidas.com/images/w_600%2Cf_auto%2Cq_auto/69721f2e7c934d909168a80e00818569_9366/Stan_Smith_Shoes_White_M20324_01_standard.jpg
100554,10/19/2023,AD-4519-C,NMD_R1,Footwear,North America,Outlet,3,111.07,10,299.89,94.02,20,Male,UPI,https://assets.adidas.com/images/w_940%2Cf_auto%2Cq_auto/8563f8e2e30a4df4821eae1e002e3dc9_9366/GW5698_01_00_standard.jpg
101079,8/13/2023,AD-8821-C,Primegreen Jacket,Apparel,Asia-Pacific,Retail,2,134.26,20,214.82,72.61,24,Female,Google Pay,"https://assets.adidas.com/images/c_fill,g_auto,w_1200,h_630,f_auto,q_auto/w_600,f_auto,q_auto/8d7b43159e2643c08d3fad250061730c_9366/Essentials_Warm-Up_3-Stripes_Track_Jacket_Black_H46099_01_laydown.jpg"
101061,3/13/2024,AD-2841-D,Primegreen Jacket,Apparel,Asia-Pacific,Online,4,113.25,10,407.7,125.19,26,Female,Apple Pay,"https://assets.adidas.com/images/c_fill,g_auto,w_1200,h_630,f_auto,q_auto/w_600,f_auto,q_auto/8d7b43159e2643c08d3fad250061730c_9366/Essentials_Warm-Up_3-Stripes_Track_Jacket_Black_H46099_01_laydown.jpg"
100350,9/11/2023,AD-7363-C,Adicolor Hoodie,Apparel,Asia-Pacific,Outlet,6,75.6,40,272.16,65.25,36,Male,UPI,https://assets.adidas.com/images/w_940%2Cf_auto%2Cq_auto/cb64f14e00914389b9790ba55a528715_9366/JW5965_21_model.jpg
100196,3/16/2023,AD-6121-C,Ultraboost Light,Footwear,Europe,Retail,3,161.19,20,386.86,132.95,31,Male,PayPal,https://res.cloudinary.com/dtc2q8arn/image/upload/v1723747674/Go%20Live%20images/Batch%203/ID3316/ID3316_14_FOOTWEAR_Photography_HeroMrktng_View_3_uk3cpt.jpg
100464,5/11/2025,AD-2235-A,Essentials Tee,Apparel,North America,Retail,3,27.21,0,81.63,26,25,Male,Debit Card,https://shop.simon.com/cdn/shop/files/3f84ca8be8d64d3fb9b66db4a3b02046.jpg
100588,3/8/2024,AD-2481-A,Tiro 23 Track Pants,Apparel,North America,Retail,4,52.4,0,209.6,66.93,16,Male,Google Pay,https://assets.adidas.com/images/w_600%2Cf_auto%2Cq_auto/d02df6c17bf34147ae3faef5011f4841_9366/Tiro_23_League_Training_Pants_Black_HS7230_01_laydown.jpg
100005,2/16/2023,AD-5554-D,Adicolor Hoodie,Apparel,Middle East & Africa,Outlet,1,72.1,0,72.1,17.59,37,Female,Apple Pay,https://assets.adidas.com/images/w_940%2Cf_auto%2Cq_auto/cb64f14e00914389b9790ba55a528715_9366/JW5965_21_model.jpg
100310,1/2/2023,AD-1132-C,Adilette Slides,Footwear,North America,Online,5,36.36,5,172.71,44.5,25,Female,Credit Card,https://assets.adidas.com/images/w_600%2Cf_auto%2Cq_auto/69e60b96568f41ac8fa4afd3012d46e3_9366/Adilette_Aqua_Slides_Black_IF7371_01_standard.jpg
100661,8/13/2025,AD-9444-D,Ultraboost Light,Footwear,North America,Retail,3,142.51,0,427.53,157.68,32,Female,Credit Card,https://res.cloudinary.com/dtc2q8arn/image/upload/v1723747674/Go%20Live%20images/Batch%203/ID3316/ID3316_14_FOOTWEAR_Photography_HeroMrktng_View_3_uk3cpt.jpg
100404,4/23/2025,AD-8105-B,Ultraboost Light,Footwear,North America,Retail,2,147.32,5,279.91,104.82,29,Female,Cash,https://res.cloudinary.com/dtc2q8arn/image/upload/v1723747674/Go%20Live%20images/Batch%203/ID3316/ID3316_14_FOOTWEAR_Photography_HeroMrktng_View_3_uk3cpt.jpg
101195,2/8/2023,AD-6261-A,Superstar,Footwear,Europe,Retail,2,77.51,5,147.27,42.27,28,Male,PayPal,https://footdistrict.com/cdn/shop/files/sneakers-adidas-originals-superstar-eg4958-0.jpg
101043,10/6/2024,AD-3735-C,Stan Smith,Footwear,North America,Online,2,84.94,0,169.88,67.75,21,Female,Credit Card,https://assets.adidas.com/images/w_600%2Cf_auto%2Cq_auto/69721f2e7c934d909168a80e00818569_9366/Stan_Smith_Shoes_White_M20324_01_standard.jpg
101057,2/27/2025,AD-2742-C,Superstar,Footwear,Middle East & Africa,Retail,3,85.71,40,154.28,45.27,39,Female,Credit Card,https://footdistrict.com/cdn/shop/files/sneakers-adidas-originals-superstar-eg4958-0.jpg
100104,9/16/2024,AD-5161-D,Primegreen Jacket,Apparel,North America,Outlet,1,138.34,0,138.34,35.35,38,Male,Google Pay,"https://assets.adidas.com/images/c_fill,g_auto,w_1200,h_630,f_auto,q_auto/w_600,f_auto,q_auto/8d7b43159e2643c08d3fad250061730c_9366/Essentials_Warm-Up_3-Stripes_Track_Jacket_Black_H46099_01_laydown.jpg"
100536,10/10/2024,AD-1146-A,Originals Backpack,Accessories,North America,Online,2,66.5,5,126.35,47.79,24,Male,UPI,https://assets.adidas.com/images/w_940%2Cf_auto%2Cq_auto/6e58dbe12eed418ba809246a19b2bd7d_9366/IU0178_01_00_standard.jpg
100605,7/27/2024,AD-5919-C,Adilette Slides,Footwear,North America,Online,1,34.1,10,30.69,7.56,45,Female,NetBanking,https://assets.adidas.com/images/w_600%2Cf_auto%2Cq_auto/69e60b96568f41ac8fa4afd3012d46e3_9366/Adilette_Aqua_Slides_Black_IF7371_01_standard.jpg
100062,2/11/2025,AD-8758-A,Ultraboost 22,Footwear,North America,Online,3,149.9,0,449.7,174.72,33,Male,PayPal,https://justfreshkicks.com/wp-content/uploads/2021/12/adidas-Ultra-Boost-2022-Triple-White-GX5459-Release-Date-Price.jpeg
100281,4/19/2023,AD-8303-C,Ultraboost 22,Footwear,North America,Retail,4,174.63,10,628.67,195.66,37,Female,UPI,https://justfreshkicks.com/wp-content/uploads/2021/12/adidas-Ultra-Boost-2022-Triple-White-GX5459-Release-Date-Price.jpeg
101055,3/13/2023,AD-9630-B,Predator Freak,Footwear,North America,Outlet,1,230.24,10,207.22,70.31,25,Female,Debit Card,https://www.soccervillage.com/mm5/graphics/00000001/1/fy0610_g01.jpg
100238,8/17/2025,AD-4943-B,Stan Smith,Footwear,Asia-Pacific,Retail,4,86.59,10,311.72,69.27,39,Female,Credit Card,https://assets.adidas.com/images/w_600%2Cf_auto%2Cq_auto/69721f2e7c934d909168a80e00818569_9366/Stan_Smith_Shoes_White_M20324_01_standard.jpg
100223,12/5/2023,AD-5833-B,Copa Sense,Footwear,Asia-Pacific,Retail,1,167.08,0,167.08,35.98,29,Male,Cash,https://res.cloudinary.com/dtc2q8arn/image/upload/v1727704399/Batch%204_5/GZ1370/GZ1370_1_FOOTWEAR_Photography_Side_Lateral_Center_View_grey_ooqo8x.jpg
100145,12/8/2023,AD-6752-B,Copa Sense,Footwear,Asia-Pacific,Retail,4,155.71,10,560.56,182.17,34,Male,Cash,https://res.cloudinary.com/dtc2q8arn/image/upload/v1727704399/Batch%204_5/GZ1370/GZ1370_1_FOOTWEAR_Photography_Side_Lateral_Center_View_grey_ooqo8x.jpg
101118,7/28/2023,AD-9907-A,Superstar,Footwear,Europe,Retail,5,95.27,10,428.71,99.13,30,Female,Credit Card,https://footdistrict.com/cdn/shop/files/sneakers-adidas-originals-superstar-eg4958-0.jpg
100373,6/27/2023,AD-4308-B,Copa Sense,Footwear,Asia-Pacific,Online,1,170.96,0,170.96,57.49,34,Male,Apple Pay,https://res.cloudinary.com/dtc2q8arn/image/upload/v1727704399/Batch%204_5/GZ1370/GZ1370_1_FOOTWEAR_Photography_Side_Lateral_Center_View_grey_ooqo8x.jpg
100118,11/1/2024,AD-4559-D,Stan Smith,Footwear,Asia-Pacific,Wholesale,7,83.62,0,585.34,176.98,45,Male,Cash,https://assets.adidas.com/images/w_600%2Cf_auto%2Cq_auto/69721f2e7c934d909168a80e00818569_9366/Stan_Smith_Shoes_White_M20324_01_standard.jpg
100802,7/14/2025,AD-8298-D,NMD_R1,Footwear,Asia-Pacific,Outlet,1,132.73,10,119.46,32.19,42,Male,Google Pay,https://assets.adidas.com/images/w_940%2Cf_auto%2Cq_auto/8563f8e2e30a4df4821eae1e002e3dc9_9366/GW5698_01_00_standard.jpg
100250,1/4/2024,AD-4328-C,Gym Bag,Accessories,Europe,Outlet,3,44.75,0,134.25,48.87,32,Female,Cash,https://assets.adidas.com/images/w_600%2Cf_auto%2Cq_auto/d525201fecc84b71af1761f4e9cc371a_9366/Lounge_Duffel_Bag_Grey_JK5352_01_00_standard.jpg
101156,10/10/2023,AD-5395-D,Adicolor Hoodie,Apparel,Asia-Pacific,Online,4,62.99,0,251.96,47.38,28,Male,UPI,https://assets.adidas.com/images/w_940%2Cf_auto%2Cq_auto/cb64f14e00914389b9790ba55a528715_9366/JW5965_21_model.jpg
100009,2/10/2024,AD-7543-C,Performance Socks (3-pack),Accessories,North America,Retail,3,15.72,10,42.44,15.03,16,Male,Apple Pay,https://assets.adidas.com/images/w_940%2Cf_auto%2Cq_auto/717ff966f0854fe089472eb7a83debd8_9366/JC6446_03_standard_hover.jpg
100449,5/13/2024,AD-3742-A,Ultraboost Light,Footwear,Asia-Pacific,Online,2,132.6,5,251.94,78.19,30,Male,Debit Card,https://res.cloudinary.com/dtc2q8arn/image/upload/v1723747674/Go%20Live%20images/Batch%203/ID3316/ID3316_14_FOOTWEAR_Photography_HeroMrktng_View_3_uk3cpt.jpg
100873,4/15/2025,AD-1602-C,NMD_R1,Footwear,Asia-Pacific,Online,5,117.95,0,589.75,196.16,16,Other,Cash,https://assets.adidas.com/images/w_940%2Cf_auto%2Cq_auto/8563f8e2e30a4df4821eae1e002e3dc9_9366/GW5698_01_00_standard.jpg
100389,7/5/2025,AD-2676-A,Primegreen Jacket,Apparel,Europe,Online,6,130.86,0,785.16,229.42,27,Male,Apple Pay,"https://assets.adidas.com/images/c_fill,g_auto,w_1200,h_630,f_auto,q_auto/w_600,f_auto,q_auto/8d7b43159e2643c08d3fad250061730c_9366/Essentials_Warm-Up_3-Stripes_Track_Jacket_Black_H46099_01_laydown.jpg"
100965,7/10/2023,AD-8220-A,Adilette Slides,Footwear,North America,Retail,5,34.41,10,154.84,46.15,16,Male,Apple Pay,https://assets.adidas.com/images/w_600%2Cf_auto%2Cq_auto/69e60b96568f41ac8fa4afd3012d46e3_9366/Adilette_Aqua_Slides_Black_IF7371_01_standard.jpg
100460,9/1/2025,AD-4170-C,Z.N.E. Hoodie,Apparel,Asia-Pacific,Online,3,136.37,5,388.65,101.81,33,Male,Debit Card,https://assets.adidas.com/images/w_940%2Cf_auto%2Cq_auto/513a21b39fd644cf83561016dfa26f68_9366/JE7537_21_model.jpg
101146,9/28/2023,AD-2278-A,Tiro 23 Track Pants,Apparel,Europe,Outlet,5,48.25,0,241.25,60.99,23,Male,UPI,https://assets.adidas.com/images/w_600%2Cf_auto%2Cq_auto/d02df6c17bf34147ae3faef5011f4841_9366/Tiro_23_League_Training_Pants_Black_HS7230_01_laydown.jpg
100144,3/23/2024,AD-6562-B,Stan Smith,Footwear,Asia-Pacific,Retail,3,102.41,20,245.78,72.55,31,Male,NetBanking,https://assets.adidas.com/images/w_600%2Cf_auto%2Cq_auto/69721f2e7c934d909168a80e00818569_9366/Stan_Smith_Shoes_White_M20324_01_standard.jpg
100501,5/25/2024,AD-6833-B,Adilette Slides,Footwear,North America,Online,2,36.38,20,58.21,13.87,39,Male,UPI,https://assets.adidas.com/images/w_600%2Cf_auto%2Cq_auto/69e60b96568f41ac8fa4afd3012d46e3_9366/Adilette_Aqua_Slides_Black_IF7371_01_standard.jpg
101107,1/17/2023,AD-7783-D,Tiro 23 Track Pants,Apparel,Europe,Outlet,2,59.66,0,119.32,32.15,16,Female,Google Pay,https://assets.adidas.com/images/w_600%2Cf_auto%2Cq_auto/d02df6c17bf34147ae3faef5011f4841_9366/Tiro_23_League_Training_Pants_Black_HS7230_01_laydown.jpg
100539,11/21/2023,AD-1349-D,Sports Bottle,Accessories,Asia-Pacific,Outlet,6,14.4,0,86.4,29.37,16,Male,UPI,https://assets.adidas.com/images/w_940%2Cf_auto%2Cq_auto/dffb7992446842a98f73aa860118cfee_9366/FM9931_01_00_standard.jpg
100177,3/23/2024,AD-9151-C,Primegreen Jacket,Apparel,Latin America,Online,3,138.01,0,414.03,121.98,25,Female,Google Pay,"https://assets.adidas.com/images/c_fill,g_auto,w_1200,h_630,f_auto,q_auto/w_600,f_auto,q_auto/8d7b43159e2643c08d3fad250061730c_9366/Essentials_Warm-Up_3-Stripes_Track_Jacket_Black_H46099_01_laydown.jpg"
101158,5/30/2024,AD-2137-B,NMD_R1,Footwear,Europe,Outlet,2,133.51,5,253.67,72.76,42,Male,Cash,https://assets.adidas.com/images/w_940%2Cf_auto%2Cq_auto/8563f8e2e30a4df4821eae1e002e3dc9_9366/GW5698_01_00_standard.jpg
101050,8/27/2025,AD-1170-C,Sports Bottle,Accessories,North America,Outlet,2,15.79,40,18.95,8.6,38,Male,Credit Card,https://assets.adidas.com/images/w_940%2Cf_auto%2Cq_auto/dffb7992446842a98f73aa860118cfee_9366/FM9931_01_00_standard.jpg
100583,5/22/2025,AD-5421-D,Primegreen Jacket,Apparel,North America,Online,4,134.32,5,510.42,145.47,25,Male,Credit Card,"https://assets.adidas.com/images/c_fill,g_auto,w_1200,h_630,f_auto,q_auto/w_600,f_auto,q_auto/8d7b43159e2643c08d3fad250061730c_9366/Essentials_Warm-Up_3-Stripes_Track_Jacket_Black_H46099_01_laydown.jpg"
101194,4/18/2023,AD-5103-A,Copa Sense,Footwear,Europe,Wholesale,3,171.62,0,514.86,167.49,28,Female,Credit Card,https://res.cloudinary.com/dtc2q8arn/image/upload/v1727704399/Batch%204_5/GZ1370/GZ1370_1_FOOTWEAR_Photography_Side_Lateral_Center_View_grey_ooqo8x.jpg
100007,6/17/2023,AD-1916-B,Performance Socks (3-pack),Accessories,Middle East & Africa,Retail,4,17.99,5,68.36,35.85,39,Female,Cash,https://assets.adidas.com/images/w_940%2Cf_auto%2Cq_auto/717ff966f0854fe089472eb7a83debd8_9366/JC6446_03_standard_hover.jpg
100573,5/27/2024,AD-6465-D,Performance Socks (3-pack),Accessories,Asia-Pacific,Online,4,19,0,76,21.18,44,Female,NetBanking,https://assets.adidas.com/images/w_940%2Cf_auto%2Cq_auto/717ff966f0854fe089472eb7a83debd8_9366/JC6446_03_standard_hover.jpg
100842,4/18/2023,AD-7974-D,Z.N.E. Hoodie,Apparel,North America,Retail,4,124.53,0,498.12,113.08,31,Male,PayPal,https://assets.adidas.com/images/w_940%2Cf_auto%2Cq_auto/513a21b39fd644cf83561016dfa26f68_9366/JE7537_21_model.jpg
100357,8/17/2023,AD-1029-D,Running Watch Strap,Accessories,Europe,Retail,2,38.82,0,77.64,24.21,42,Male,PayPal,https://assets.adidas.com/images/w_940%2Cf_auto%2Cq_auto/bfdb966c006f4a02a9b6ad0e00a5b1b4_9366/Running_Strap_Black_HN5572_01_standard.jpg
100329,7/3/2023,AD-5625-C,Adicolor Hoodie,Apparel,Middle East & Africa,Wholesale,3,79.58,0,238.74,77.37,24,Male,Google Pay,https://assets.adidas.com/images/w_940%2Cf_auto%2Cq_auto/cb64f14e00914389b9790ba55a528715_9366/JW5965_21_model.jpg
100704,8/3/2024,AD-5720-A,Predator Freak,Footwear,Europe,Retail,2,224.14,0,448.28,104.77,37,Male,Cash,https://www.soccervillage.com/mm5/graphics/00000001/1/fy0610_g01.jpg
100829,5/6/2023,AD-6592-C,Adilette Slides,Footwear,Europe,Retail,2,33.95,5,64.5,22.58,32,Male,Google Pay,https://assets.adidas.com/images/w_600%2Cf_auto%2Cq_auto/69e60b96568f41ac8fa4afd3012d46e3_9366/Adilette_Aqua_Slides_Black_IF7371_01_standard.jpg
100258,3/25/2025,AD-5914-A,Primegreen Jacket,Apparel,Middle East & Africa,Retail,2,141.22,10,254.2,54.11,22,Male,UPI,"https://assets.adidas.com/images/c_fill,g_auto,w_1200,h_630,f_auto,q_auto/w_600,f_auto,q_auto/8d7b43159e2643c08d3fad250061730c_9366/Essentials_Warm-Up_3-Stripes_Track_Jacket_Black_H46099_01_laydown.jpg"
100890,11/13/2023,AD-1939-B,NMD_R1,Footwear,Europe,Online,1,136.99,5,130.14,41.54,32,Female,PayPal,https://assets.adidas.com/images/w_940%2Cf_auto%2Cq_auto/8563f8e2e30a4df4821eae1e002e3dc9_9366/GW5698_01_00_standard.jpg
100833,3/4/2023,AD-9516-C,Primegreen Jacket,Apparel,Asia-Pacific,Retail,2,156.76,0,313.52,109.41,32,Female,Credit Card,"https://assets.adidas.com/images/c_fill,g_auto,w_1200,h_630,f_auto,q_auto/w_600,f_auto,q_auto/8d7b43159e2643c08d3fad250061730c_9366/Essentials_Warm-Up_3-Stripes_Track_Jacket_Black_H46099_01_laydown.jpg"
101187,9/9/2025,AD-8601-D,Running Watch Strap,Accessories,Asia-Pacific,Online,3,35.48,5,101.12,29.56,38,Female,Debit Card,https://assets.adidas.com/images/w_940%2Cf_auto%2Cq_auto/bfdb966c006f4a02a9b6ad0e00a5b1b4_9366/Running_Strap_Black_HN5572_01_standard.jpg
100904,12/30/2024,AD-1599-B,Training Shorts,Apparel,Europe,Wholesale,2,25.41,0,50.82,14.51,40,Male,Apple Pay,https://assets.adidas.com/images/w_600%2Cf_auto%2Cq_auto/14732790a86d43329cf8df8f1c77367e_9366/Designed_for_Training_Workout_Shorts_Black_IK9723_01_laydown.jpg
100525,4/25/2024,AD-8052-C,Sports Bottle,Accessories,Latin America,Wholesale,3,14,10,37.8,9.34,16,Male,Credit Card,https://assets.adidas.com/images/w_940%2Cf_auto%2Cq_auto/dffb7992446842a98f73aa860118cfee_9366/FM9931_01_00_standard.jpg
100813,8/3/2023,AD-2410-C,Training Cap,Accessories,Asia-Pacific,Online,5,18.83,0,94.15,30.76,17,Female,UPI,https://res.cloudinary.com/dtc2q8arn/image/upload/v1723744392/Go%20Live%20images/Batch%203/IP2780/IP2780_1_HARDWARE_Photography_Front_Center_View_grey_jkmmpe.jpg
100731,4/25/2024,AD-3028-B,Stan Smith,Footwear,North America,Online,2,96.02,0,192.04,56.49,43,Male,Debit Card,https://assets.adidas.com/images/w_600%2Cf_auto%2Cq_auto/69721f2e7c934d909168a80e00818569_9366/Stan_Smith_Shoes_White_M20324_01_standard.jpg
101031,11/25/2024,AD-8961-A,Z.N.E. Hoodie,Apparel,Asia-Pacific,Online,1,119,5,113.05,30.11,28,Male,NetBanking,https://assets.adidas.com/images/w_940%2Cf_auto%2Cq_auto/513a21b39fd644cf83561016dfa26f68_9366/JE7537_21_model.jpg
101140,2/14/2024,AD-9082-A,Superstar,Footwear,Europe,Retail,4,89.18,0,356.72,105.33,30,Male,Google Pay,https://footdistrict.com/cdn/shop/files/sneakers-adidas-originals-superstar-eg4958-0.jpg
100440,12/10/2024,AD-1881-A,Ultraboost Light,Footwear,Europe,Wholesale,4,147.14,0,588.56,184.48,21,Female,Cash,https://res.cloudinary.com/dtc2q8arn/image/upload/v1723747674/Go%20Live%20images/Batch%203/ID3316/ID3316_14_FOOTWEAR_Photography_HeroMrktng_View_3_uk3cpt.jpg
100531,3/15/2025,AD-1918-C,Training Cap,Accessories,Europe,Retail,2,19.94,0,39.88,11.52,23,Male,PayPal,https://res.cloudinary.com/dtc2q8arn/image/upload/v1723744392/Go%20Live%20images/Batch%203/IP2780/IP2780_1_HARDWARE_Photography_Front_Center_View_grey_jkmmpe.jpg
100959,9/18/2023,AD-7297-D,Adicolor Hoodie,Apparel,Middle East & Africa,Outlet,2,67.56,0,135.12,35.75,29,Male,Debit Card,https://assets.adidas.com/images/w_940%2Cf_auto%2Cq_auto/cb64f14e00914389b9790ba55a528715_9366/JW5965_21_model.jpg
100228,1/12/2024,AD-7813-D,NMD_R1,Footwear,Middle East & Africa,Retail,3,142.54,20,342.1,109.2,18,Male,Cash,https://assets.adidas.com/images/w_940%2Cf_auto%2Cq_auto/8563f8e2e30a4df4821eae1e002e3dc9_9366/GW5698_01_00_standard.jpg
101040,9/1/2023,AD-1672-B,Essentials Tee,Apparel,Europe,Outlet,5,24.87,20,99.48,19.19,31,Male,Debit Card,https://shop.simon.com/cdn/shop/files/3f84ca8be8d64d3fb9b66db4a3b02046.jpg
100212,7/13/2024,AD-8932-B,Training Shorts,Apparel,Latin America,Retail,2,32.31,0,64.62,19.29,31,Female,NetBanking,https://assets.adidas.com/images/w_600%2Cf_auto%2Cq_auto/14732790a86d43329cf8df8f1c77367e_9366/Designed_for_Training_Workout_Shorts_Black_IK9723_01_laydown.jpg
100079,5/2/2023,AD-8381-D,Sports Bottle,Accessories,Asia-Pacific,Retail,4,15.64,0,62.56,21.71,46,Male,Apple Pay,https://assets.adidas.com/images/w_940%2Cf_auto%2Cq_auto/dffb7992446842a98f73aa860118cfee_9366/FM9931_01_00_standard.jpg
100148,3/26/2024,AD-9312-A,Superstar,Footwear,Asia-Pacific,Retail,4,99.25,5,377.15,133.53,33,Female,Cash,https://footdistrict.com/cdn/shop/files/sneakers-adidas-originals-superstar-eg4958-0.jpg
100591,4/4/2023,AD-7204-D,Stan Smith,Footwear,Asia-Pacific,Online,4,85.74,0,342.96,95.02,24,Female,PayPal,https://assets.adidas.com/images/w_600%2Cf_auto%2Cq_auto/69721f2e7c934d909168a80e00818569_9366/Stan_Smith_Shoes_White_M20324_01_standard.jpg
100707,7/8/2023,AD-8347-B,Adilette Slides,Footwear,North America,Online,1,35.89,0,35.89,11.09,40,Male,Cash,https://assets.adidas.com/images/w_600%2Cf_auto%2Cq_auto/69e60b96568f41ac8fa4afd3012d46e3_9366/Adilette_Aqua_Slides_Black_IF7371_01_standard.jpg
100589,7/4/2023,AD-1408-B,Running Watch Strap,Accessories,Asia-Pacific,Online,2,38.05,0,76.1,28.72,23,Male,Google Pay,https://assets.adidas.com/images/w_940%2Cf_auto%2Cq_auto/bfdb966c006f4a02a9b6ad0e00a5b1b4_9366/Running_Strap_Black_HN5572_01_standard.jpg
100133,6/8/2023,AD-4705-D,Training Cap,Accessories,North America,Outlet,4,25.11,20,80.35,33.92,16,Male,NetBanking,https://res.cloudinary.com/dtc2q8arn/image/upload/v1723744392/Go%20Live%20images/Batch%203/IP2780/IP2780_1_HARDWARE_Photography_Front_Center_View_grey_jkmmpe.jpg
100781,2/20/2023,AD-2922-A,Primegreen Jacket,Apparel,Asia-Pacific,Online,3,150.93,0,452.79,134.34,25,Female,PayPal,"https://assets.adidas.com/images/c_fill,g_auto,w_1200,h_630,f_auto,q_auto/w_600,f_auto,q_auto/8d7b43159e2643c08d3fad250061730c_9366/Essentials_Warm-Up_3-Stripes_Track_Jacket_Black_H46099_01_laydown.jpg"
100408,3/2/2024,AD-5933-D,Performance Socks (3-pack),Accessories,Europe,Retail,2,20.28,5,38.53,9.98,28,Male,Credit Card,https://assets.adidas.com/images/w_940%2Cf_auto%2Cq_auto/717ff966f0854fe089472eb7a83debd8_9366/JC6446_03_standard_hover.jpg
100969,9/10/2024,AD-6918-D,Originals Backpack,Accessories,Asia-Pacific,Online,2,53.89,5,102.39,37.73,44,Male,UPI,https://assets.adidas.com/images/w_940%2Cf_auto%2Cq_auto/6e58dbe12eed418ba809246a19b2bd7d_9366/IU0178_01_00_standard.jpg
100507,8/31/2023,AD-7866-C,Essentials Tee,Apparel,Asia-Pacific,Online,3,28.06,5,79.97,21.4,34,Male,UPI,https://shop.simon.com/cdn/shop/files/3f84ca8be8d64d3fb9b66db4a3b02046.jpg
100876,2/2/2025,AD-4143-A,Superstar,Footwear,Middle East & Africa,Outlet,2,101.82,10,183.28,65.34,24,Female,NetBanking,https://footdistrict.com/cdn/shop/files/sneakers-adidas-originals-superstar-eg4958-0.jpg
100504,2/21/2025,AD-8836-A,Gym Bag,Accessories,North America,Retail,4,44.86,5,170.47,54.65,34,Male,Apple Pay,https://assets.adidas.com/images/w_600%2Cf_auto%2Cq_auto/d525201fecc84b71af1761f4e9cc371a_9366/Lounge_Duffel_Bag_Grey_JK5352_01_00_standard.jpg
100718,5/2/2025,AD-9095-D,Primegreen Jacket,Apparel,Europe,Outlet,4,150.96,5,573.65,113.41,28,Male,NetBanking,"https://assets.adidas.com/images/c_fill,g_auto,w_1200,h_630,f_auto,q_auto/w_600,f_auto,q_auto/8d7b43159e2643c08d3fad250061730c_9366/Essentials_Warm-Up_3-Stripes_Track_Jacket_Black_H46099_01_laydown.jpg"
100347,7/24/2023,AD-6883-D,Gym Bag,Accessories,Middle East & Africa,Retail,4,45.84,20,146.69,36.66,30,Male,Apple Pay,https://assets.adidas.com/images/w_600%2Cf_auto%2Cq_auto/d525201fecc84b71af1761f4e9cc371a_9366/Lounge_Duffel_Bag_Grey_JK5352_01_00_standard.jpg
100386,2/5/2025,AD-4626-B,Superstar,Footwear,Europe,Online,2,90,5,171,48.7,26,Female,UPI,https://footdistrict.com/cdn/shop/files/sneakers-adidas-originals-superstar-eg4958-0.jpg
100000,10/16/2024,AD-7912-A,Stan Smith,Footwear,North America,Online,3,88.38,10,238.63,69.94,32,Female,Debit Card,https://assets.adidas.com/images/w_600%2Cf_auto%2Cq_auto/69721f2e7c934d909168a80e00818569_9366/Stan_Smith_Shoes_White_M20324_01_standard.jpg
100360,1/12/2023,AD-1788-D,Essentials Tee,Apparel,Asia-Pacific,Online,2,21.86,20,34.98,7.43,43,Female,Credit Card,https://shop.simon.com/cdn/shop/files/3f84ca8be8d64d3fb9b66db4a3b02046.jpg
101133,4/28/2023,AD-7089-C,Copa Sense,Footwear,Europe,Online,4,173.06,0,692.24,210.25,38,Male,UPI,https://res.cloudinary.com/dtc2q8arn/image/upload/v1727704399/Batch%204_5/GZ1370/GZ1370_1_FOOTWEAR_Photography_Side_Lateral_Center_View_grey_ooqo8x.jpg
100475,9/7/2023,AD-1916-B,Ultraboost Light,Footwear,Asia-Pacific,Online,2,161.02,10,289.84,76.67,19,Male,PayPal,https://res.cloudinary.com/dtc2q8arn/image/upload/v1723747674/Go%20Live%20images/Batch%203/ID3316/ID3316_14_FOOTWEAR_Photography_HeroMrktng_View_3_uk3cpt.jpg
100777,10/5/2024,AD-7722-C,Tiro 23 Track Pants,Apparel,North America,Online,1,60.55,5,57.52,16.15,33,Male,PayPal,https://assets.adidas.com/images/w_600%2Cf_auto%2Cq_auto/d02df6c17bf34147ae3faef5011f4841_9366/Tiro_23_League_Training_Pants_Black_HS7230_01_laydown.jpg
100753,2/8/2023,AD-8695-A,Performance Socks (3-pack),Accessories,Europe,Retail,3,15.95,0,47.85,14.86,23,Male,Credit Card,https://assets.adidas.com/images/w_940%2Cf_auto%2Cq_auto/717ff966f0854fe089472eb7a83debd8_9366/JC6446_03_standard_hover.jpg
100172,2/14/2023,AD-4950-A,Primegreen Jacket,Apparel,North America,Online,3,138.93,0,416.79,123.68,31,Female,Cash,"https://assets.adidas.com/images/c_fill,g_auto,w_1200,h_630,f_auto,q_auto/w_600,f_auto,q_auto/8d7b43159e2643c08d3fad250061730c_9366/Essentials_Warm-Up_3-Stripes_Track_Jacket_Black_H46099_01_laydown.jpg"
100450,10/3/2024,AD-4368-D,Superstar,Footwear,Asia-Pacific,Online,1,89.51,20,71.61,22.12,29,Female,Debit Card,https://footdistrict.com/cdn/shop/files/sneakers-adidas-originals-superstar-eg4958-0.jpg
100125,6/9/2024,AD-8504-A,Running Watch Strap,Accessories,Europe,Wholesale,3,42.16,10,113.83,37.3,25,Male,NetBanking,https://assets.adidas.com/images/w_940%2Cf_auto%2Cq_auto/bfdb966c006f4a02a9b6ad0e00a5b1b4_9366/Running_Strap_Black_HN5572_01_standard.jpg
100930,5/11/2024,AD-8713-C,Performance Socks (3-pack),Accessories,Europe,Online,3,19.15,10,51.7,15.64,22,Female,PayPal,https://assets.adidas.com/images/w_940%2Cf_auto%2Cq_auto/717ff966f0854fe089472eb7a83debd8_9366/JC6446_03_standard_hover.jpg
100530,5/9/2023,AD-7885-C,Performance Socks (3-pack),Accessories,North America,Online,3,17.49,0,52.47,27.18,41,Male,Cash,https://assets.adidas.com/images/w_940%2Cf_auto%2Cq_auto/717ff966f0854fe089472eb7a83debd8_9366/JC6446_03_standard_hover.jpg
100090,6/4/2025,AD-4073-C,Gym Bag,Accessories,North America,Outlet,2,47.21,0,94.42,36.17,27,Male,Credit Card,https://assets.adidas.com/images/w_600%2Cf_auto%2Cq_auto/d525201fecc84b71af1761f4e9cc371a_9366/Lounge_Duffel_Bag_Grey_JK5352_01_00_standard.jpg
101161,5/15/2024,AD-4740-B,Adicolor Hoodie,Apparel,North America,Online,3,73.75,5,210.19,40.81,26,Female,NetBanking,https://assets.adidas.com/images/w_940%2Cf_auto%2Cq_auto/cb64f14e00914389b9790ba55a528715_9366/JW5965_21_model.jpg
100181,11/18/2024,AD-8179-A,Primegreen Jacket,Apparel,Asia-Pacific,Retail,4,156.17,5,593.45,178.37,33,Female,PayPal,"https://assets.adidas.com/images/c_fill,g_auto,w_1200,h_630,f_auto,q_auto/w_600,f_auto,q_auto/8d7b43159e2643c08d3fad250061730c_9366/Essentials_Warm-Up_3-Stripes_Track_Jacket_Black_H46099_01_laydown.jpg"
101026,8/20/2023,AD-2780-D,Training Cap,Accessories,North America,Online,4,21.68,5,82.38,27.07,30,Male,NetBanking,https://res.cloudinary.com/dtc2q8arn/image/upload/v1723744392/Go%20Live%20images/Batch%203/IP2780/IP2780_1_HARDWARE_Photography_Front_Center_View_grey_jkmmpe.jpg
100999,3/7/2023,AD-2922-B,Gym Bag,Accessories,Europe,Outlet,1,47.77,0,47.77,16.89,37,Female,UPI,https://assets.adidas.com/images/w_600%2Cf_auto%2Cq_auto/d525201fecc84b71af1761f4e9cc371a_9366/Lounge_Duffel_Bag_Grey_JK5352_01_00_standard.jpg
100251,11/17/2023,AD-5836-B,Originals Backpack,Accessories,Latin America,Retail,2,56.19,10,101.14,26.53,33,Male,Apple Pay,https://assets.adidas.com/images/w_940%2Cf_auto%2Cq_auto/6e58dbe12eed418ba809246a19b2bd7d_9366/IU0178_01_00_standard.jpg
100069,9/7/2023,AD-3979-D,Performance Socks (3-pack),Accessories,Asia-Pacific,Online,2,18.66,0,37.32,12.5,37,Male,Cash,https://assets.adidas.com/images/w_940%2Cf_auto%2Cq_auto/717ff966f0854fe089472eb7a83debd8_9366/JC6446_03_standard_hover.jpg
100131,4/9/2023,AD-3002-D,Training Shorts,Apparel,Asia-Pacific,Retail,4,29.45,0,117.8,44.62,21,Female,Cash,https://assets.adidas.com/images/w_600%2Cf_auto%2Cq_auto/14732790a86d43329cf8df8f1c77367e_9366/Designed_for_Training_Workout_Shorts_Black_IK9723_01_laydown.jpg
100300,6/29/2024,AD-9428-A,Essentials Tee,Apparel,North America,Wholesale,3,26.27,0,78.81,19.94,33,Male,NetBanking,https://shop.simon.com/cdn/shop/files/3f84ca8be8d64d3fb9b66db4a3b02046.jpg
101132,6/29/2025,AD-7525-A,Ultraboost Light,Footwear,North America,Online,2,150.02,0,300.04,113.01,41,Female,Cash,https://res.cloudinary.com/dtc2q8arn/image/upload/v1723747674/Go%20Live%20images/Batch%203/ID3316/ID3316_14_FOOTWEAR_Photography_HeroMrktng_View_3_uk3cpt.jpg
100326,9/19/2023,AD-1721-A,Stan Smith,Footwear,Asia-Pacific,Online,3,91.04,0,273.12,74.74,32,Female,Credit Card,https://assets.adidas.com/images/w_600%2Cf_auto%2Cq_auto/69721f2e7c934d909168a80e00818569_9366/Stan_Smith_Shoes_White_M20324_01_standard.jpg
101019,7/21/2025,AD-8350-B,Ultraboost 22,Footwear,Asia-Pacific,Retail,2,166.26,0,332.52,103.33,36,Male,Credit Card,https://justfreshkicks.com/wp-content/uploads/2021/12/adidas-Ultra-Boost-2022-Triple-White-GX5459-Release-Date-Price.jpeg
100499,9/5/2025,AD-7536-C,Training Shorts,Apparel,North America,Outlet,1,31.4,0,31.4,7,41,Male,Debit Card,https://assets.adidas.com/images/w_600%2Cf_auto%2Cq_auto/14732790a86d43329cf8df8f1c77367e_9366/Designed_for_Training_Workout_Shorts_Black_IK9723_01_laydown.jpg
100665,7/21/2024,AD-6886-D,Ultraboost Light,Footwear,Asia-Pacific,Online,2,151.48,0,302.96,94.41,23,Male,Debit Card,https://res.cloudinary.com/dtc2q8arn/image/upload/v1723747674/Go%20Live%20images/Batch%203/ID3316/ID3316_14_FOOTWEAR_Photography_HeroMrktng_View_3_uk3cpt.jpg
100918,6/25/2023,AD-4058-B,Stan Smith,Footwear,North America,Outlet,3,73.52,0,220.56,53.82,18,Female,Credit Card,https://assets.adidas.com/images/w_600%2Cf_auto%2Cq_auto/69721f2e7c934d909168a80e00818569_9366/Stan_Smith_Shoes_White_M20324_01_standard.jpg
100495,8/20/2023,AD-7670-A,NMD_R1,Footwear,Europe,Online,4,122.85,0,491.4,152.88,26,Male,PayPal,https://assets.adidas.com/images/w_940%2Cf_auto%2Cq_auto/8563f8e2e30a4df4821eae1e002e3dc9_9366/GW5698_01_00_standard.jpg
100338,4/5/2024,AD-6051-D,Performance Socks (3-pack),Accessories,North America,Online,1,18.12,5,17.21,3.92,38,Female,Google Pay,https://assets.adidas.com/images/w_940%2Cf_auto%2Cq_auto/717ff966f0854fe089472eb7a83debd8_9366/JC6446_03_standard_hover.jpg
100963,6/22/2023,AD-8060-B,Training Cap,Accessories,North America,Retail,3,23.28,10,62.86,23.53,25,Male,NetBanking,https://res.cloudinary.com/dtc2q8arn/image/upload/v1723744392/Go%20Live%20images/Batch%203/IP2780/IP2780_1_HARDWARE_Photography_Front_Center_View_grey_jkmmpe.jpg
100164,2/20/2025,AD-8391-C,Copa Sense,Footwear,Latin America,Online,1,168.43,40,101.06,40.48,16,Male,UPI,https://res.cloudinary.com/dtc2q8arn/image/upload/v1727704399/Batch%204_5/GZ1370/GZ1370_1_FOOTWEAR_Photography_Side_Lateral_Center_View_grey_ooqo8x.jpg
100028,9/1/2024,AD-1651-A,Superstar,Footwear,North America,Online,5,92.53,0,462.65,134.03,34,Female,UPI,https://footdistrict.com/cdn/shop/files/sneakers-adidas-originals-superstar-eg4958-0.jpg
100516,6/15/2023,AD-5444-D,Z.N.E. Hoodie,Apparel,Europe,Online,2,128.6,20,205.76,49.82,32,Male,Apple Pay,https://assets.adidas.com/images/w_940%2Cf_auto%2Cq_auto/513a21b39fd644cf83561016dfa26f68_9366/JE7537_21_model.jpg
100193,5/29/2024,AD-1674-A,Copa Sense,Footwear,Asia-Pacific,Online,4,172.16,0,688.64,193.87,31,Female,Cash,https://res.cloudinary.com/dtc2q8arn/image/upload/v1727704399/Batch%204_5/GZ1370/GZ1370_1_FOOTWEAR_Photography_Side_Lateral_Center_View_grey_ooqo8x.jpg
101103,4/22/2025,AD-6304-C,Ultraboost 22,Footwear,Latin America,Online,5,200.05,0,1000.25,230.51,26,Female,PayPal,https://justfreshkicks.com/wp-content/uploads/2021/12/adidas-Ultra-Boost-2022-Triple-White-GX5459-Release-Date-Price.jpeg
100169,11/5/2023,AD-9189-A,Stan Smith,Footwear,Europe,Retail,2,79.33,10,142.79,45.82,33,Male,Debit Card,https://assets.adidas.com/images/w_600%2Cf_auto%2Cq_auto/69721f2e7c934d909168a80e00818569_9366/Stan_Smith_Shoes_White_M20324_01_standard.jpg
101058,5/23/2025,AD-6036-C,Superstar,Footwear,Europe,Retail,4,88.34,20,282.69,73.42,29,Male,PayPal,https://footdistrict.com/cdn/shop/files/sneakers-adidas-originals-superstar-eg4958-0.jpg
100173,3/1/2025,AD-8612-D,Running Watch Strap,Accessories,Europe,Online,1,41.31,0,41.31,16.74,21,Male,PayPal,https://assets.adidas.com/images/w_940%2Cf_auto%2Cq_auto/bfdb966c006f4a02a9b6ad0e00a5b1b4_9366/Running_Strap_Black_HN5572_01_standard.jpg
100518,11/8/2024,AD-2565-A,Essentials Tee,Apparel,Asia-Pacific,Online,1,24.59,0,24.59,5.78,24,Male,Debit Card,https://shop.simon.com/cdn/shop/files/3f84ca8be8d64d3fb9b66db4a3b02046.jpg
100968,6/18/2024,AD-8753-C,Ultraboost 22,Footwear,Europe,Wholesale,4,172.75,5,656.45,191.99,32,Male,Google Pay,https://justfreshkicks.com/wp-content/uploads/2021/12/adidas-Ultra-Boost-2022-Triple-White-GX5459-Release-Date-Price.jpeg
100701,12/14/2024,AD-7824-B,Predator Freak,Footwear,Latin America,Retail,5,246.47,5,1170.73,364.43,30,Female,NetBanking,https://www.soccervillage.com/mm5/graphics/00000001/1/fy0610_g01.jpg
100491,10/17/2024,AD-4190-A,Training Cap,Accessories,North America,Retail,5,24.56,5,116.66,47.27,42,Female,NetBanking,https://res.cloudinary.com/dtc2q8arn/image/upload/v1723744392/Go%20Live%20images/Batch%203/IP2780/IP2780_1_HARDWARE_Photography_Front_Center_View_grey_jkmmpe.jpg
100073,3/11/2024,AD-4155-C,Sports Bottle,Accessories,Asia-Pacific,Online,1,12.83,5,12.19,4.31,45,Male,Debit Card,https://assets.adidas.com/images/w_940%2Cf_auto%2Cq_auto/dffb7992446842a98f73aa860118cfee_9366/FM9931_01_00_standard.jpg
100980,10/21/2024,AD-4823-B,Z.N.E. Hoodie,Apparel,Asia-Pacific,Retail,3,106.58,5,303.75,106.97,42,Male,Apple Pay,https://assets.adidas.com/images/w_940%2Cf_auto%2Cq_auto/513a21b39fd644cf83561016dfa26f68_9366/JE7537_21_model.jpg
100587,6/12/2024,AD-8558-B,Ultraboost Light,Footwear,Europe,Outlet,2,159.36,20,254.98,91.92,27,Female,NetBanking,https://res.cloudinary.com/dtc2q8arn/image/upload/v1723747674/Go%20Live%20images/Batch%203/ID3316/ID3316_14_FOOTWEAR_Photography_HeroMrktng_View_3_uk3cpt.jpg
100234,8/15/2025,AD-7887-C,Superstar,Footwear,Europe,Online,2,97.39,0,194.78,58.41,18,Male,PayPal,https://footdistrict.com/cdn/shop/files/sneakers-adidas-originals-superstar-eg4958-0.jpg
100214,11/21/2023,AD-9899-D,Training Cap,Accessories,Middle East & Africa,Retail,2,22.53,5,42.81,11.87,29,Male,Debit Card,https://res.cloudinary.com/dtc2q8arn/image/upload/v1723744392/Go%20Live%20images/Batch%203/IP2780/IP2780_1_HARDWARE_Photography_Front_Center_View_grey_jkmmpe.jpg
100946,5/17/2025,AD-4644-D,Z.N.E. Hoodie,Apparel,North America,Online,4,124.12,5,471.66,155.6,27,Female,UPI,https://assets.adidas.com/images/w_940%2Cf_auto%2Cq_auto/513a21b39fd644cf83561016dfa26f68_9366/JE7537_21_model.jpg
100132,12/29/2023,AD-2697-B,Originals Backpack,Accessories,Asia-Pacific,Wholesale,2,56.85,0,113.7,30.06,16,Female,Cash,https://assets.adidas.com/images/w_940%2Cf_auto%2Cq_auto/6e58dbe12eed418ba809246a19b2bd7d_9366/IU0178_01_00_standard.jpg
101155,9/8/2025,AD-9718-A,Stan Smith,Footwear,North America,Online,2,78.76,20,126.02,38.71,36,Male,Debit Card,https://assets.adidas.com/images/w_600%2Cf_auto%2Cq_auto/69721f2e7c934d909168a80e00818569_9366/Stan_Smith_Shoes_White_M20324_01_standard.jpg
100732,8/24/2024,AD-6698-C,Adilette Slides,Footwear,Europe,Online,4,32.52,20,104.06,17.75,21,Female,NetBanking,https://assets.adidas.com/images/w_600%2Cf_auto%2Cq_auto/69e60b96568f41ac8fa4afd3012d46e3_9366/Adilette_Aqua_Slides_Black_IF7371_01_standard.jpg
100940,9/6/2024,AD-6440-B,Z.N.E. Hoodie,Apparel,Asia-Pacific,Retail,2,119.44,0,238.88,56.35,48,Female,PayPal,https://assets.adidas.com/images/w_940%2Cf_auto%2Cq_auto/513a21b39fd644cf83561016dfa26f68_9366/JE7537_21_model.jpg
100185,12/21/2024,AD-3009-B,Performance Socks (3-pack),Accessories,Asia-Pacific,Retail,3,18.81,20,45.14,13.47,16,Other,UPI,https://assets.adidas.com/images/w_940%2Cf_auto%2Cq_auto/717ff966f0854fe089472eb7a83debd8_9366/JC6446_03_standard_hover.jpg
100041,6/4/2025,AD-1452-A,Superstar,Footwear,North America,Retail,1,103.28,0,103.28,39.04,31,Male,Cash,https://footdistrict.com/cdn/shop/files/sneakers-adidas-originals-superstar-eg4958-0.jpg
100108,1/9/2023,AD-5689-B,Running Watch Strap,Accessories,Asia-Pacific,Wholesale,3,39.62,0,118.86,40.17,33,Female,Google Pay,https://assets.adidas.com/images/w_940%2Cf_auto%2Cq_auto/bfdb966c006f4a02a9b6ad0e00a5b1b4_9366/Running_Strap_Black_HN5572_01_standard.jpg
100848,5/12/2024,AD-5644-B,Ultraboost 22,Footwear,North America,Retail,5,199.39,0,996.95,236.22,29,Male,NetBanking,https://justfreshkicks.com/wp-content/uploads/2021/12/adidas-Ultra-Boost-2022-Triple-White-GX5459-Release-Date-Price.jpeg
100568,12/11/2024,AD-4339-C,Stan Smith,Footwear,Europe,Online,2,89.15,5,169.38,52.14,35,Female,UPI,https://assets.adidas.com/images/w_600%2Cf_auto%2Cq_auto/69721f2e7c934d909168a80e00818569_9366/Stan_Smith_Shoes_White_M20324_01_standard.jpg
100650,1/24/2024,AD-7258-C,Primegreen Jacket,Apparel,North America,Outlet,1,138.98,5,132.03,36.33,16,Male,Google Pay,"https://assets.adidas.com/images/c_fill,g_auto,w_1200,h_630,f_auto,q_auto/w_600,f_auto,q_auto/8d7b43159e2643c08d3fad250061730c_9366/Essentials_Warm-Up_3-Stripes_Track_Jacket_Black_H46099_01_laydown.jpg"
101000,6/1/2025,AD-3110-B,NMD_R1,Footwear,North America,Online,3,127.38,0,382.14,91.64,27,Male,Credit Card,https://assets.adidas.com/images/w_940%2Cf_auto%2Cq_auto/8563f8e2e30a4df4821eae1e002e3dc9_9366/GW5698_01_00_standard.jpg
101165,5/24/2024,AD-4175-D,Ultraboost 22,Footwear,Asia-Pacific,Wholesale,3,170.5,20,409.2,112.45,34,Male,Debit Card,https://justfreshkicks.com/wp-content/uploads/2021/12/adidas-Ultra-Boost-2022-Triple-White-GX5459-Release-Date-Price.jpeg
100483,3/11/2024,AD-5223-B,Predator Freak,Footwear,Asia-Pacific,Outlet,4,222.32,40,533.57,153.7,41,Male,Apple Pay,https://www.soccervillage.com/mm5/graphics/00000001/1/fy0610_g01.jpg
100468,4/1/2024,AD-6878-A,Copa Sense,Footwear,Middle East & Africa,Retail,2,143.92,20,230.27,78.44,36,Female,Google Pay,https://res.cloudinary.com/dtc2q8arn/image/upload/v1727704399/Batch%204_5/GZ1370/GZ1370_1_FOOTWEAR_Photography_Side_Lateral_Center_View_grey_ooqo8x.jpg
100024,9/19/2025,AD-7570-A,Superstar,Footwear,Latin America,Online,3,88.31,0,264.93,80.5,30,Male,UPI,https://footdistrict.com/cdn/shop/files/sneakers-adidas-originals-superstar-eg4958-0.jpg
100660,2/5/2023,AD-3438-A,Superstar,Footwear,Asia-Pacific,Retail,3,94.21,10,254.37,60.55,39,Male,Google Pay,https://footdistrict.com/cdn/shop/files/sneakers-adidas-originals-superstar-eg4958-0.jpg
100679,10/11/2023,AD-9151-B,Ultraboost Light,Footwear,Asia-Pacific,Retail,2,155.49,20,248.78,62.32,29,Female,Google Pay,https://res.cloudinary.com/dtc2q8arn/image/upload/v1723747674/Go%20Live%20images/Batch%203/ID3316/ID3316_14_FOOTWEAR_Photography_HeroMrktng_View_3_uk3cpt.jpg
100752,8/29/2024,AD-9821-C,Superstar,Footwear,North America,Online,1,91.04,0,91.04,20.12,47,Male,Credit Card,https://footdistrict.com/cdn/shop/files/sneakers-adidas-originals-superstar-eg4958-0.jpg
100993,11/26/2024,AD-2922-C,Copa Sense,Footwear,North America,Wholesale,3,155.56,0,466.68,133.65,39,Male,Credit Card,https://res.cloudinary.com/dtc2q8arn/image/upload/v1727704399/Batch%204_5/GZ1370/GZ1370_1_FOOTWEAR_Photography_Side_Lateral_Center_View_grey_ooqo8x.jpg
100366,9/1/2023,AD-1062-D,Stan Smith,Footwear,Asia-Pacific,Outlet,3,80.47,10,217.27,74.67,33,Male,Cash,https://assets.adidas.com/images/w_600%2Cf_auto%2Cq_auto/69721f2e7c934d909168a80e00818569_9366/Stan_Smith_Shoes_White_M20324_01_standard.jpg
100839,1/13/2025,AD-3028-A,Originals Backpack,Accessories,North America,Online,3,62.16,0,186.48,45.95,32,Male,Cash,https://assets.adidas.com/images/w_940%2Cf_auto%2Cq_auto/6e58dbe12eed418ba809246a19b2bd7d_9366/IU0178_01_00_standard.jpg
101052,6/9/2025,AD-3550-D,NMD_R1,Footwear,Asia-Pacific,Online,3,129.12,0,387.36,119.57,43,Male,Apple Pay,https://assets.adidas.com/images/w_940%2Cf_auto%2Cq_auto/8563f8e2e30a4df4821eae1e002e3dc9_9366/GW5698_01_00_standard.jpg
100383,6/27/2023,AD-6904-B,Adilette Slides,Footwear,North America,Online,3,37.49,0,112.47,30.79,31,Male,Credit Card,https://assets.adidas.com/images/w_600%2Cf_auto%2Cq_auto/69e60b96568f41ac8fa4afd3012d46e3_9366/Adilette_Aqua_Slides_Black_IF7371_01_standard.jpg
100454,1/2/2024,AD-7249-D,Gym Bag,Accessories,Asia-Pacific,Online,2,46.99,10,84.58,29.93,38,Male,Google Pay,https://assets.adidas.com/images/w_600%2Cf_auto%2Cq_auto/d525201fecc84b71af1761f4e9cc371a_9366/Lounge_Duffel_Bag_Grey_JK5352_01_00_standard.jpg
100264,5/27/2024,AD-6347-A,Training Shorts,Apparel,Europe,Outlet,2,28.07,10,50.53,18.09,35,Male,Apple Pay,https://assets.adidas.com/images/w_600%2Cf_auto%2Cq_auto/14732790a86d43329cf8df8f1c77367e_9366/Designed_for_Training_Workout_Shorts_Black_IK9723_01_laydown.jpg
100760,1/9/2024,AD-7721-C,Performance Socks (3-pack),Accessories,North America,Retail,2,19.1,10,34.38,14.06,28,Male,Apple Pay,https://assets.adidas.com/images/w_940%2Cf_auto%2Cq_auto/717ff966f0854fe089472eb7a83debd8_9366/JC6446_03_standard_hover.jpg
100979,9/1/2025,AD-4666-A,Stan Smith,Footwear,Latin America,Retail,4,91.51,0,366.04,115.45,46,Male,Cash,https://assets.adidas.com/images/w_600%2Cf_auto%2Cq_auto/69721f2e7c934d909168a80e00818569_9366/Stan_Smith_Shoes_White_M20324_01_standard.jpg
100444,4/22/2024,AD-9037-C,Predator Freak,Footwear,Latin America,Retail,1,200.35,10,180.31,65.23,34,Female,NetBanking,https://www.soccervillage.com/mm5/graphics/00000001/1/fy0610_g01.jpg
100395,5/15/2025,AD-5237-B,Copa Sense,Footwear,Latin America,Online,2,167.72,0,335.44,101.32,21,Male,PayPal,https://res.cloudinary.com/dtc2q8arn/image/upload/v1727704399/Batch%204_5/GZ1370/GZ1370_1_FOOTWEAR_Photography_Side_Lateral_Center_View_grey_ooqo8x.jpg
100741,9/25/2025,AD-9177-C,Adilette Slides,Footwear,Asia-Pacific,Wholesale,3,36.02,5,102.66,24.89,32,Male,Apple Pay,https://assets.adidas.com/images/w_600%2Cf_auto%2Cq_auto/69e60b96568f41ac8fa4afd3012d46e3_9366/Adilette_Aqua_Slides_Black_IF7371_01_standard.jpg
100176,2/10/2025,AD-3039-C,Adilette Slides,Footwear,Latin America,Online,3,33.45,5,95.33,37.57,20,Female,NetBanking,https://assets.adidas.com/images/w_600%2Cf_auto%2Cq_auto/69e60b96568f41ac8fa4afd3012d46e3_9366/Adilette_Aqua_Slides_Black_IF7371_01_standard.jpg
100018,8/19/2023,AD-1964-B,Superstar,Footwear,Asia-Pacific,Online,1,97.25,5,92.39,28.92,16,Male,Debit Card,https://footdistrict.com/cdn/shop/files/sneakers-adidas-originals-superstar-eg4958-0.jpg
100948,8/18/2025,AD-4871-A,Adilette Slides,Footwear,North America,Retail,4,31.44,10,113.18,31.47,32,Female,UPI,https://assets.adidas.com/images/w_600%2Cf_auto%2Cq_auto/69e60b96568f41ac8fa4afd3012d46e3_9366/Adilette_Aqua_Slides_Black_IF7371_01_standard.jpg
100814,2/27/2025,AD-8947-D,Performance Socks (3-pack),Accessories,Europe,Online,3,16.65,10,44.95,13.07,21,Female,Google Pay,https://assets.adidas.com/images/w_940%2Cf_auto%2Cq_auto/717ff966f0854fe089472eb7a83debd8_9366/JC6446_03_standard_hover.jpg
100595,8/11/2023,AD-5009-C,Running Watch Strap,Accessories,Europe,Online,4,41.65,0,166.6,45.88,40,Female,Credit Card,https://assets.adidas.com/images/w_940%2Cf_auto%2Cq_auto/bfdb966c006f4a02a9b6ad0e00a5b1b4_9366/Running_Strap_Black_HN5572_01_standard.jpg
100061,9/16/2023,AD-2124-A,Superstar,Footwear,Asia-Pacific,Online,4,85.91,5,326.46,86.53,29,Female,UPI,https://footdistrict.com/cdn/shop/files/sneakers-adidas-originals-superstar-eg4958-0.jpg
100272,3/7/2024,AD-4203-D,Tiro 23 Track Pants,Apparel,North America,Online,5,53.91,5,256.07,96.4,32,Male,Google Pay,https://assets.adidas.com/images/w_600%2Cf_auto%2Cq_auto/d02df6c17bf34147ae3faef5011f4841_9366/Tiro_23_League_Training_Pants_Black_HS7230_01_laydown.jpg
101125,9/26/2025,AD-9548-C,Z.N.E. Hoodie,Apparel,Europe,Retail,2,130.98,0,261.96,50.79,25,Male,PayPal,https://assets.adidas.com/images/w_940%2Cf_auto%2Cq_auto/513a21b39fd644cf83561016dfa26f68_9366/JE7537_21_model.jpg
100278,10/10/2024,AD-8357-D,Tiro 23 Track Pants,Apparel,Asia-Pacific,Retail,3,56.15,20,134.76,26.41,39,Female,Debit Card,https://assets.adidas.com/images/w_600%2Cf_auto%2Cq_auto/d02df6c17bf34147ae3faef5011f4841_9366/Tiro_23_League_Training_Pants_Black_HS7230_01_laydown.jpg
100841,12/25/2023,AD-9514-B,Tiro 23 Track Pants,Apparel,Asia-Pacific,Retail,3,52.46,5,149.51,30.77,35,Female,Apple Pay,https://assets.adidas.com/images/w_600%2Cf_auto%2Cq_auto/d02df6c17bf34147ae3faef5011f4841_9366/Tiro_23_League_Training_Pants_Black_HS7230_01_laydown.jpg
100368,9/27/2025,AD-2493-D,Superstar,Footwear,North America,Retail,4,90.47,5,343.79,126.76,29,Male,NetBanking,https://footdistrict.com/cdn/shop/files/sneakers-adidas-originals-superstar-eg4958-0.jpg
100886,4/20/2024,AD-8439-C,Originals Backpack,Accessories,Asia-Pacific,Online,6,53.45,0,320.7,121.58,31,Female,Credit Card,https://assets.adidas.com/images/w_940%2Cf_auto%2Cq_auto/6e58dbe12eed418ba809246a19b2bd7d_9366/IU0178_01_00_standard.jpg
101014,12/25/2024,AD-8678-C,Adicolor Hoodie,Apparel,Europe,Retail,2,74.92,0,149.84,35.03,35,Male,Cash,https://assets.adidas.com/images/w_940%2Cf_auto%2Cq_auto/cb64f14e00914389b9790ba55a528715_9366/JW5965_21_model.jpg
100859,11/2/2023,AD-1849-B,Primegreen Jacket,Apparel,North America,Outlet,1,149.31,10,134.38,43.48,31,Male,Debit Card,"https://assets.adidas.com/images/c_fill,g_auto,w_1200,h_630,f_auto,q_auto/w_600,f_auto,q_auto/8d7b43159e2643c08d3fad250061730c_9366/Essentials_Warm-Up_3-Stripes_Track_Jacket_Black_H46099_01_laydown.jpg"
100720,3/3/2024,AD-9078-A,Copa Sense,Footwear,Asia-Pacific,Online,1,145.79,5,138.5,49.49,18,Male,NetBanking,https://res.cloudinary.com/dtc2q8arn/image/upload/v1727704399/Batch%204_5/GZ1370/GZ1370_1_FOOTWEAR_Photography_Side_Lateral_Center_View_grey_ooqo8x.jpg
100825,9/22/2023,AD-9444-A,Z.N.E. Hoodie,Apparel,Asia-Pacific,Retail,2,130.29,0,260.58,71.01,36,Female,PayPal,https://assets.adidas.com/images/w_940%2Cf_auto%2Cq_auto/513a21b39fd644cf83561016dfa26f68_9366/JE7537_21_model.jpg
100547,11/2/2024,AD-7814-C,Training Cap,Accessories,Latin America,Retail,2,20.27,0,40.54,16.19,38,Female,Cash,https://res.cloudinary.com/dtc2q8arn/image/upload/v1723744392/Go%20Live%20images/Batch%203/IP2780/IP2780_1_HARDWARE_Photography_Front_Center_View_grey_jkmmpe.jpg
100879,10/12/2023,AD-4696-D,Originals Backpack,Accessories,Europe,Online,3,60.59,0,181.77,68.46,34,Male,Credit Card,https://assets.adidas.com/images/w_940%2Cf_auto%2Cq_auto/6e58dbe12eed418ba809246a19b2bd7d_9366/IU0178_01_00_standard.jpg
100899,11/9/2023,AD-2071-A,Performance Socks (3-pack),Accessories,Asia-Pacific,Retail,3,17.4,20,41.76,12.74,33,Female,Apple Pay,https://assets.adidas.com/images/w_940%2Cf_auto%2Cq_auto/717ff966f0854fe089472eb7a83debd8_9366/JC6446_03_standard_hover.jpg
100456,11/24/2024,AD-1082-D,Training Shorts,Apparel,North America,Outlet,3,31.37,0,94.11,26,23,Male,Credit Card,https://assets.adidas.com/images/w_600%2Cf_auto%2Cq_auto/14732790a86d43329cf8df8f1c77367e_9366/Designed_for_Training_Workout_Shorts_Black_IK9723_01_laydown.jpg
100393,11/2/2024,AD-4111-C,Training Cap,Accessories,North America,Online,3,22.64,0,67.92,24.2,22,Male,Credit Card,https://res.cloudinary.com/dtc2q8arn/image/upload/v1723744392/Go%20Live%20images/Batch%203/IP2780/IP2780_1_HARDWARE_Photography_Front_Center_View_grey_jkmmpe.jpg
100675,6/19/2025,AD-7819-D,Training Cap,Accessories,North America,Wholesale,4,22.33,10,80.39,25.99,33,Female,NetBanking,https://res.cloudinary.com/dtc2q8arn/image/upload/v1723744392/Go%20Live%20images/Batch%203/IP2780/IP2780_1_HARDWARE_Photography_Front_Center_View_grey_jkmmpe.jpg
100911,1/9/2023,AD-8733-B,Tiro 23 Track Pants,Apparel,Europe,Wholesale,4,55.66,5,211.51,53.47,26,Female,Credit Card,https://assets.adidas.com/images/w_600%2Cf_auto%2Cq_auto/d02df6c17bf34147ae3faef5011f4841_9366/Tiro_23_League_Training_Pants_Black_HS7230_01_laydown.jpg
100964,6/30/2023,AD-8383-B,Training Shorts,Apparel,North America,Retail,5,28.98,20,115.92,39.82,29,Male,Debit Card,https://assets.adidas.com/images/w_600%2Cf_auto%2Cq_auto/14732790a86d43329cf8df8f1c77367e_9366/Designed_for_Training_Workout_Shorts_Black_IK9723_01_laydown.jpg
100375,5/27/2025,AD-2843-D,Essentials Tee,Apparel,Latin America,Online,3,24.95,0,74.85,17.4,27,Female,Apple Pay,https://shop.simon.com/cdn/shop/files/3f84ca8be8d64d3fb9b66db4a3b02046.jpg
100412,1/14/2023,AD-9383-A,Superstar,Footwear,Latin America,Retail,5,91.74,0,458.7,151.11,30,Male,Debit Card,https://footdistrict.com/cdn/shop/files/sneakers-adidas-originals-superstar-eg4958-0.jpg
100074,5/3/2023,AD-9595-C,Sports Bottle,Accessories,Asia-Pacific,Online,2,16.14,0,32.28,9.35,19,Female,NetBanking,https://assets.adidas.com/images/w_940%2Cf_auto%2Cq_auto/dffb7992446842a98f73aa860118cfee_9366/FM9931_01_00_standard.jpg
101121,10/9/2023,AD-2817-D,Superstar,Footwear,Asia-Pacific,Retail,5,85.87,0,429.35,171.55,33,Female,Debit Card,https://footdistrict.com/cdn/shop/files/sneakers-adidas-originals-superstar-eg4958-0.jpg
100862,9/10/2023,AD-3332-C,Sports Bottle,Accessories,North America,Retail,6,14.99,0,89.94,30.68,43,Male,UPI,https://assets.adidas.com/images/w_940%2Cf_auto%2Cq_auto/dffb7992446842a98f73aa860118cfee_9366/FM9931_01_00_standard.jpg
100500,3/19/2023,AD-3994-B,Sports Bottle,Accessories,Europe,Online,2,14.45,0,28.9,9.4,27,Female,NetBanking,https://assets.adidas.com/images/w_940%2Cf_auto%2Cq_auto/dffb7992446842a98f73aa860118cfee_9366/FM9931_01_00_standard.jpg
100941,10/12/2024,AD-7264-B,Z.N.E. Hoodie,Apparel,Asia-Pacific,Online,2,108.15,0,216.3,77.28,30,Male,Google Pay,https://assets.adidas.com/images/w_940%2Cf_auto%2Cq_auto/513a21b39fd644cf83561016dfa26f68_9366/JE7537_21_model.jpg
100616,6/29/2025,AD-4438-C,Ultraboost Light,Footwear,Asia-Pacific,Retail,6,149.62,10,807.95,253.48,23,Male,NetBanking,https://res.cloudinary.com/dtc2q8arn/image/upload/v1723747674/Go%20Live%20images/Batch%203/ID3316/ID3316_14_FOOTWEAR_Photography_HeroMrktng_View_3_uk3cpt.jpg
100114,1/15/2023,AD-7086-A,Essentials Tee,Apparel,Europe,Retail,4,28.02,0,112.08,34.09,40,Female,Apple Pay,https://shop.simon.com/cdn/shop/files/3f84ca8be8d64d3fb9b66db4a3b02046.jpg
100417,10/26/2024,AD-2699-D,Copa Sense,Footwear,Asia-Pacific,Online,2,164.55,10,296.19,70.34,34,Female,PayPal,https://res.cloudinary.com/dtc2q8arn/image/upload/v1727704399/Batch%204_5/GZ1370/GZ1370_1_FOOTWEAR_Photography_Side_Lateral_Center_View_grey_ooqo8x.jpg
100601,4/22/2023,AD-7996-C,Running Watch Strap,Accessories,Asia-Pacific,Wholesale,3,41.44,0,124.32,55.15,37,Male,NetBanking,https://assets.adidas.com/images/w_940%2Cf_auto%2Cq_auto/bfdb966c006f4a02a9b6ad0e00a5b1b4_9366/Running_Strap_Black_HN5572_01_standard.jpg
100604,10/2/2024,AD-6468-C,Stan Smith,Footwear,North America,Retail,4,83.05,0,332.2,64.53,28,Male,Credit Card,https://assets.adidas.com/images/w_600%2Cf_auto%2Cq_auto/69721f2e7c934d909168a80e00818569_9366/Stan_Smith_Shoes_White_M20324_01_standard.jpg
100089,11/9/2024,AD-2899-D,Primegreen Jacket,Apparel,Asia-Pacific,Retail,1,153.49,0,153.49,41.94,28,Male,Cash,"https://assets.adidas.com/images/c_fill,g_auto,w_1200,h_630,f_auto,q_auto/w_600,f_auto,q_auto/8d7b43159e2643c08d3fad250061730c_9366/Essentials_Warm-Up_3-Stripes_Track_Jacket_Black_H46099_01_laydown.jpg"
101148,12/15/2023,AD-8438-B,Adilette Slides,Footwear,Asia-Pacific,Retail,3,35.85,0,107.55,29.32,20,Male,NetBanking,https://assets.adidas.com/images/w_600%2Cf_auto%2Cq_auto/69e60b96568f41ac8fa4afd3012d46e3_9366/Adilette_Aqua_Slides_Black_IF7371_01_standard.jpg
100498,5/8/2024,AD-6172-D,Stan Smith,Footwear,Europe,Retail,4,88.15,40,211.56,49.01,24,Male,UPI,https://assets.adidas.com/images/w_600%2Cf_auto%2Cq_auto/69721f2e7c934d909168a80e00818569_9366/Stan_Smith_Shoes_White_M20324_01_standard.jpg
100875,6/24/2023,AD-2070-B,Sports Bottle,Accessories,Asia-Pacific,Retail,1,15.3,20,12.24,3.03,23,Female,PayPal,https://assets.adidas.com/images/w_940%2Cf_auto%2Cq_auto/dffb7992446842a98f73aa860118cfee_9366/FM9931_01_00_standard.jpg
100926,12/16/2024,AD-2093-B,Ultraboost Light,Footwear,Latin America,Online,3,161.79,20,388.3,89.31,47,Female,NetBanking,https://res.cloudinary.com/dtc2q8arn/image/upload/v1723747674/Go%20Live%20images/Batch%203/ID3316/ID3316_14_FOOTWEAR_Photography_HeroMrktng_View_3_uk3cpt.jpg
100998,4/12/2023,AD-7451-D,Z.N.E. Hoodie,Apparel,Latin America,Retail,2,112.59,10,202.66,50.69,27,Male,Credit Card,https://assets.adidas.com/images/w_940%2Cf_auto%2Cq_auto/513a21b39fd644cf83561016dfa26f68_9366/JE7537_21_model.jpg
100011,1/30/2024,AD-2876-C,Primegreen Jacket,Apparel,Europe,Online,3,149.94,0,449.82,103.3,27,Female,Credit Card,"https://assets.adidas.com/images/c_fill,g_auto,w_1200,h_630,f_auto,q_auto/w_600,f_auto,q_auto/8d7b43159e2643c08d3fad250061730c_9366/Essentials_Warm-Up_3-Stripes_Track_Jacket_Black_H46099_01_laydown.jpg"
100396,8/27/2025,AD-6428-C,Z.N.E. Hoodie,Apparel,North America,Online,1,127.11,0,127.11,31.68,17,Female,Apple Pay,https://assets.adidas.com/images/w_940%2Cf_auto%2Cq_auto/513a21b39fd644cf83561016dfa26f68_9366/JE7537_21_model.jpg
100754,11/21/2023,AD-6504-D,Primegreen Jacket,Apparel,Europe,Online,6,142.44,0,854.64,222.55,24,Male,UPI,"https://assets.adidas.com/images/c_fill,g_auto,w_1200,h_630,f_auto,q_auto/w_600,f_auto,q_auto/8d7b43159e2643c08d3fad250061730c_9366/Essentials_Warm-Up_3-Stripes_Track_Jacket_Black_H46099_01_laydown.jpg"
100555,1/23/2023,AD-1618-D,Essentials Tee,Apparel,Europe,Retail,1,24.52,0,24.52,8.21,30,Female,Debit Card,https://shop.simon.com/cdn/shop/files/3f84ca8be8d64d3fb9b66db4a3b02046.jpg
100042,6/17/2025,AD-6663-C,Essentials Tee,Apparel,Middle East & Africa,Online,1,26.1,20,20.88,4.25,30,Male,Apple Pay,https://shop.simon.com/cdn/shop/files/3f84ca8be8d64d3fb9b66db4a3b02046.jpg
100167,7/28/2025,AD-2298-A,Training Cap,Accessories,North America,Retail,4,25.25,0,101,39.13,34,Male,Credit Card,https://res.cloudinary.com/dtc2q8arn/image/upload/v1723744392/Go%20Live%20images/Batch%203/IP2780/IP2780_1_HARDWARE_Photography_Front_Center_View_grey_jkmmpe.jpg
100416,1/17/2024,AD-8835-D,Z.N.E. Hoodie,Apparel,Europe,Wholesale,2,126.91,20,203.06,41.1,41,Male,Apple Pay,https://assets.adidas.com/images/w_940%2Cf_auto%2Cq_auto/513a21b39fd644cf83561016dfa26f68_9366/JE7537_21_model.jpg
100576,12/16/2023,AD-7837-B,Primegreen Jacket,Apparel,North America,Online,3,118.15,0,354.45,102.3,42,Female,UPI,"https://assets.adidas.com/images/c_fill,g_auto,w_1200,h_630,f_auto,q_auto/w_600,f_auto,q_auto/8d7b43159e2643c08d3fad250061730c_9366/Essentials_Warm-Up_3-Stripes_Track_Jacket_Black_H46099_01_laydown.jpg"
100267,6/7/2023,AD-2499-A,Primegreen Jacket,Apparel,Asia-Pacific,Retail,3,131.52,0,394.56,117.13,22,Male,Debit Card,"https://assets.adidas.com/images/c_fill,g_auto,w_1200,h_630,f_auto,q_auto/w_600,f_auto,q_auto/8d7b43159e2643c08d3fad250061730c_9366/Essentials_Warm-Up_3-Stripes_Track_Jacket_Black_H46099_01_laydown.jpg"
100807,2/27/2024,AD-9248-A,Stan Smith,Footwear,Asia-Pacific,Outlet,4,84.54,5,321.25,78.11,22,Male,Debit Card,https://assets.adidas.com/images/w_600%2Cf_auto%2Cq_auto/69721f2e7c934d909168a80e00818569_9366/Stan_Smith_Shoes_White_M20324_01_standard.jpg
100426,1/8/2024,AD-6952-D,Ultraboost Light,Footwear,Latin America,Online,4,155.24,0,620.96,198.84,16,Female,Google Pay,https://res.cloudinary.com/dtc2q8arn/image/upload/v1723747674/Go%20Live%20images/Batch%203/ID3316/ID3316_14_FOOTWEAR_Photography_HeroMrktng_View_3_uk3cpt.jpg
100690,2/11/2023,AD-8412-D,Training Cap,Accessories,Europe,Online,3,19.56,0,58.68,22.62,25,Male,Debit Card,https://res.cloudinary.com/dtc2q8arn/image/upload/v1723744392/Go%20Live%20images/Batch%203/IP2780/IP2780_1_HARDWARE_Photography_Front_Center_View_grey_jkmmpe.jpg
100544,2/23/2025,AD-9572-A,Sports Bottle,Accessories,North America,Online,3,15.82,20,37.97,17.44,42,Male,Debit Card,https://assets.adidas.com/images/w_940%2Cf_auto%2Cq_auto/dffb7992446842a98f73aa860118cfee_9366/FM9931_01_00_standard.jpg
101122,8/7/2025,AD-9097-C,NMD_R1,Footwear,North America,Online,2,146.54,10,263.77,71.62,33,Male,Debit Card,https://assets.adidas.com/images/w_940%2Cf_auto%2Cq_auto/8563f8e2e30a4df4821eae1e002e3dc9_9366/GW5698_01_00_standard.jpg
100674,7/20/2024,AD-3584-A,Copa Sense,Footwear,Latin America,Online,3,170.01,5,484.53,126.2,34,Male,Apple Pay,https://res.cloudinary.com/dtc2q8arn/image/upload/v1727704399/Batch%204_5/GZ1370/GZ1370_1_FOOTWEAR_Photography_Side_Lateral_Center_View_grey_ooqo8x.jpg
100689,3/20/2024,AD-7844-A,Running Watch Strap,Accessories,Latin America,Wholesale,1,39.29,20,31.43,10.53,31,Female,Credit Card,https://assets.adidas.com/images/w_940%2Cf_auto%2Cq_auto/bfdb966c006f4a02a9b6ad0e00a5b1b4_9366/Running_Strap_Black_HN5572_01_standard.jpg
101054,8/6/2024,AD-7458-B,Training Cap,Accessories,North America,Online,3,22.27,0,66.81,23.44,40,Male,PayPal,https://res.cloudinary.com/dtc2q8arn/image/upload/v1723744392/Go%20Live%20images/Batch%203/IP2780/IP2780_1_HARDWARE_Photography_Front_Center_View_grey_jkmmpe.jpg
101176,1/20/2024,AD-8673-C,Originals Backpack,Accessories,Europe,Retail,3,60.35,10,162.95,64.82,23,Male,Cash,https://assets.adidas.com/images/w_940%2Cf_auto%2Cq_auto/6e58dbe12eed418ba809246a19b2bd7d_9366/IU0178_01_00_standard.jpg
101032,2/18/2025,AD-5317-B,Originals Backpack,Accessories,North America,Retail,4,60.65,20,194.08,73.94,34,Male,Debit Card,https://assets.adidas.com/images/w_940%2Cf_auto%2Cq_auto/6e58dbe12eed418ba809246a19b2bd7d_9366/IU0178_01_00_standard.jpg
101034,8/23/2023,AD-1289-B,Stan Smith,Footwear,North America,Wholesale,2,90.12,10,162.22,43.68,38,Female,Apple Pay,https://assets.adidas.com/images/w_600%2Cf_auto%2Cq_auto/69721f2e7c934d909168a80e00818569_9366/Stan_Smith_Shoes_White_M20324_01_standard.jpg
100257,4/5/2025,AD-6807-C,Copa Sense,Footwear,North America,Online,1,126.83,10,114.15,39.17,23,Male,NetBanking,https://res.cloudinary.com/dtc2q8arn/image/upload/v1727704399/Batch%204_5/GZ1370/GZ1370_1_FOOTWEAR_Photography_Side_Lateral_Center_View_grey_ooqo8x.jpg
100335,12/18/2024,AD-2226-A,Training Shorts,Apparel,Asia-Pacific,Retail,6,24.23,5,138.11,37.8,28,Male,Apple Pay,https://assets.adidas.com/images/w_600%2Cf_auto%2Cq_auto/14732790a86d43329cf8df8f1c77367e_9366/Designed_for_Training_Workout_Shorts_Black_IK9723_01_laydown.jpg
100015,3/1/2023,AD-9727-B,Adicolor Hoodie,Apparel,Middle East & Africa,Online,4,68.33,0,273.32,100.77,25,Male,Debit Card,https://assets.adidas.com/images/w_940%2Cf_auto%2Cq_auto/cb64f14e00914389b9790ba55a528715_9366/JW5965_21_model.jpg
100901,2/20/2025,AD-1872-C,NMD_R1,Footwear,Latin America,Online,1,116.18,0,116.18,34.49,31,Male,UPI,https://assets.adidas.com/images/w_940%2Cf_auto%2Cq_auto/8563f8e2e30a4df4821eae1e002e3dc9_9366/GW5698_01_00_standard.jpg
100324,5/10/2023,AD-5456-A,Essentials Tee,Apparel,North America,Outlet,1,24.62,0,24.62,5.5,32,Male,Apple Pay,https://shop.simon.com/cdn/shop/files/3f84ca8be8d64d3fb9b66db4a3b02046.jpg
100607,12/5/2023,AD-8888-B,Z.N.E. Hoodie,Apparel,Europe,Retail,3,129,0,387,112.92,23,Male,PayPal,https://assets.adidas.com/images/w_940%2Cf_auto%2Cq_auto/513a21b39fd644cf83561016dfa26f68_9366/JE7537_21_model.jpg
101053,8/26/2023,AD-3885-B,Originals Backpack,Accessories,Latin America,Online,4,59.53,5,226.21,62.92,36,Male,PayPal,https://assets.adidas.com/images/w_940%2Cf_auto%2Cq_auto/6e58dbe12eed418ba809246a19b2bd7d_9366/IU0178_01_00_standard.jpg
100790,4/30/2023,AD-8046-C,Z.N.E. Hoodie,Apparel,North America,Outlet,4,137.82,10,496.15,124.58,16,Female,Cash,https://assets.adidas.com/images/w_940%2Cf_auto%2Cq_auto/513a21b39fd644cf83561016dfa26f68_9366/JE7537_21_model.jpg
100222,10/18/2024,AD-4159-A,Sports Bottle,Accessories,Latin America,Online,1,15.13,0,15.13,4.93,28,Male,NetBanking,https://assets.adidas.com/images/w_940%2Cf_auto%2Cq_auto/dffb7992446842a98f73aa860118cfee_9366/FM9931_01_00_standard.jpg
100179,11/25/2023,AD-3730-D,Stan Smith,Footwear,Asia-Pacific,Online,3,89.31,10,241.14,71.79,31,Female,Apple Pay,https://assets.adidas.com/images/w_600%2Cf_auto%2Cq_auto/69721f2e7c934d909168a80e00818569_9366/Stan_Smith_Shoes_White_M20324_01_standard.jpg
100099,1/16/2023,AD-6546-D,Predator Freak,Footwear,Asia-Pacific,Online,2,212.72,5,404.17,70.67,35,Male,NetBanking,https://www.soccervillage.com/mm5/graphics/00000001/1/fy0610_g01.jpg
100521,5/15/2023,AD-8801-D,Gym Bag,Accessories,North America,Retail,3,42.91,0,128.73,47.84,25,Female,Cash,https://assets.adidas.com/images/w_600%2Cf_auto%2Cq_auto/d525201fecc84b71af1761f4e9cc371a_9366/Lounge_Duffel_Bag_Grey_JK5352_01_00_standard.jpg
100022,1/15/2025,AD-7912-B,Z.N.E. Hoodie,Apparel,North America,Online,2,118.15,0,236.3,70.44,39,Male,PayPal,https://assets.adidas.com/images/w_940%2Cf_auto%2Cq_auto/513a21b39fd644cf83561016dfa26f68_9366/JE7537_21_model.jpg
100356,9/26/2025,AD-3854-C,Copa Sense,Footwear,Europe,Retail,2,166.99,0,333.98,100.3,29,Male,Cash,https://res.cloudinary.com/dtc2q8arn/image/upload/v1727704399/Batch%204_5/GZ1370/GZ1370_1_FOOTWEAR_Photography_Side_Lateral_Center_View_grey_ooqo8x.jpg
100733,6/14/2023,AD-9664-B,Gym Bag,Accessories,Asia-Pacific,Retail,2,44.47,0,88.94,34.04,20,Male,Credit Card,https://assets.adidas.com/images/w_600%2Cf_auto%2Cq_auto/d525201fecc84b71af1761f4e9cc371a_9366/Lounge_Duffel_Bag_Grey_JK5352_01_00_standard.jpg
101093,1/11/2024,AD-5306-A,Gym Bag,Accessories,Middle East & Africa,Online,1,47.95,0,47.95,18.08,44,Female,Google Pay,https://assets.adidas.com/images/w_600%2Cf_auto%2Cq_auto/d525201fecc84b71af1761f4e9cc371a_9366/Lounge_Duffel_Bag_Grey_JK5352_01_00_standard.jpg
101111,11/14/2024,AD-4204-D,Tiro 23 Track Pants,Apparel,North America,Retail,3,50.32,0,150.96,48.36,31,Female,Debit Card,https://assets.adidas.com/images/w_600%2Cf_auto%2Cq_auto/d02df6c17bf34147ae3faef5011f4841_9366/Tiro_23_League_Training_Pants_Black_HS7230_01_laydown.jpg
100611,6/4/2025,AD-4893-C,Tiro 23 Track Pants,Apparel,Europe,Online,3,60.16,0,180.48,42.3,32,Male,Google Pay,https://assets.adidas.com/images/w_600%2Cf_auto%2Cq_auto/d02df6c17bf34147ae3faef5011f4841_9366/Tiro_23_League_Training_Pants_Black_HS7230_01_laydown.jpg
101009,3/9/2023,AD-5483-A,Z.N.E. Hoodie,Apparel,Europe,Online,2,99.09,0,198.18,56.71,31,Male,UPI,https://assets.adidas.com/images/w_940%2Cf_auto%2Cq_auto/513a21b39fd644cf83561016dfa26f68_9366/JE7537_21_model.jpg
100340,6/1/2023,AD-5262-B,Superstar,Footwear,Middle East & Africa,Online,1,96.62,0,96.62,25.35,30,Male,NetBanking,https://footdistrict.com/cdn/shop/files/sneakers-adidas-originals-superstar-eg4958-0.jpg
100431,9/13/2025,AD-9328-B,Training Cap,Accessories,Asia-Pacific,Retail,3,20.27,10,54.73,23.65,16,Male,Google Pay,https://res.cloudinary.com/dtc2q8arn/image/upload/v1723744392/Go%20Live%20images/Batch%203/IP2780/IP2780_1_HARDWARE_Photography_Front_Center_View_grey_jkmmpe.jpg
100961,12/9/2024,AD-2456-A,Tiro 23 Track Pants,Apparel,Europe,Outlet,1,54.94,0,54.94,17.32,35,Female,Apple Pay,https://assets.adidas.com/images/w_600%2Cf_auto%2Cq_auto/d02df6c17bf34147ae3faef5011f4841_9366/Tiro_23_League_Training_Pants_Black_HS7230_01_laydown.jpg
100217,4/22/2023,AD-4814-A,NMD_R1,Footwear,North America,Online,2,130.16,0,260.32,98.85,23,Female,UPI,https://assets.adidas.com/images/w_940%2Cf_auto%2Cq_auto/8563f8e2e30a4df4821eae1e002e3dc9_9366/GW5698_01_00_standard.jpg
100203,3/17/2023,AD-3108-A,Primegreen Jacket,Apparel,Asia-Pacific,Online,3,143.88,0,431.64,66.6,32,Other,Debit Card,"https://assets.adidas.com/images/c_fill,g_auto,w_1200,h_630,f_auto,q_auto/w_600,f_auto,q_auto/8d7b43159e2643c08d3fad250061730c_9366/Essentials_Warm-Up_3-Stripes_Track_Jacket_Black_H46099_01_laydown.jpg"
100905,8/13/2023,AD-3575-C,Adilette Slides,Footwear,North America,Online,2,33.17,5,63.02,21.07,28,Male,Apple Pay,https://assets.adidas.com/images/w_600%2Cf_auto%2Cq_auto/69e60b96568f41ac8fa4afd3012d46e3_9366/Adilette_Aqua_Slides_Black_IF7371_01_standard.jpg
100922,8/24/2024,AD-8302-A,Adilette Slides,Footwear,Asia-Pacific,Online,4,38.78,0,155.12,56.56,43,Male,PayPal,https://assets.adidas.com/images/w_600%2Cf_auto%2Cq_auto/69e60b96568f41ac8fa4afd3012d46e3_9366/Adilette_Aqua_Slides_Black_IF7371_01_standard.jpg
100093,8/19/2023,AD-9337-C,Stan Smith,Footwear,North America,Outlet,2,68.29,5,129.75,37.71,29,Male,NetBanking,https://assets.adidas.com/images/w_600%2Cf_auto%2Cq_auto/69721f2e7c934d909168a80e00818569_9366/Stan_Smith_Shoes_White_M20324_01_standard.jpg
100910,11/22/2024,AD-3258-C,Z.N.E. Hoodie,Apparel,Asia-Pacific,Retail,4,106.89,40,256.54,60.89,25,Female,UPI,https://assets.adidas.com/images/w_940%2Cf_auto%2Cq_auto/513a21b39fd644cf83561016dfa26f68_9366/JE7537_21_model.jpg
100068,4/21/2024,AD-5569-D,Originals Backpack,Accessories,Asia-Pacific,Online,2,62.36,0,124.72,41.93,27,Male,Debit Card,https://assets.adidas.com/images/w_940%2Cf_auto%2Cq_auto/6e58dbe12eed418ba809246a19b2bd7d_9366/IU0178_01_00_standard.jpg
100894,4/22/2024,AD-4363-D,NMD_R1,Footwear,Europe,Retail,4,118.61,20,379.55,53.58,52,Female,Apple Pay,https://assets.adidas.com/images/w_940%2Cf_auto%2Cq_auto/8563f8e2e30a4df4821eae1e002e3dc9_9366/GW5698_01_00_standard.jpg
100284,4/11/2024,AD-6225-A,Adilette Slides,Footwear,Europe,Online,4,33.42,0,133.68,41.34,38,Female,Google Pay,https://assets.adidas.com/images/w_600%2Cf_auto%2Cq_auto/69e60b96568f41ac8fa4afd3012d46e3_9366/Adilette_Aqua_Slides_Black_IF7371_01_standard.jpg
100696,9/25/2024,AD-3267-C,Ultraboost Light,Footwear,North America,Retail,5,160.76,5,763.61,165.24,27,Male,UPI,https://res.cloudinary.com/dtc2q8arn/image/upload/v1723747674/Go%20Live%20images/Batch%203/ID3316/ID3316_14_FOOTWEAR_Photography_HeroMrktng_View_3_uk3cpt.jpg
100085,8/23/2025,AD-6280-C,Essentials Tee,Apparel,Europe,Online,1,24.85,0,24.85,7.5,22,Male,Apple Pay,https://shop.simon.com/cdn/shop/files/3f84ca8be8d64d3fb9b66db4a3b02046.jpg
100434,5/22/2023,AD-4560-B,Originals Backpack,Accessories,Latin America,Retail,2,65.05,0,130.1,33.84,45,Female,Cash,https://assets.adidas.com/images/w_940%2Cf_auto%2Cq_auto/6e58dbe12eed418ba809246a19b2bd7d_9366/IU0178_01_00_standard.jpg
100796,3/2/2024,AD-2998-D,Superstar,Footwear,Europe,Online,3,98.75,20,237,70.42,38,Male,NetBanking,https://footdistrict.com/cdn/shop/files/sneakers-adidas-originals-superstar-eg4958-0.jpg
100153,2/1/2024,AD-2079-C,Originals Backpack,Accessories,Asia-Pacific,Online,5,50.74,0,253.7,85.18,38,Female,Cash,https://assets.adidas.com/images/w_940%2Cf_auto%2Cq_auto/6e58dbe12eed418ba809246a19b2bd7d_9366/IU0178_01_00_standard.jpg
100075,4/13/2023,AD-5494-A,Adilette Slides,Footwear,Europe,Online,3,40.13,5,114.37,33.89,27,Female,PayPal,https://assets.adidas.com/images/w_600%2Cf_auto%2Cq_auto/69e60b96568f41ac8fa4afd3012d46e3_9366/Adilette_Aqua_Slides_Black_IF7371_01_standard.jpg
101042,2/14/2023,AD-6996-D,Predator Freak,Footwear,Asia-Pacific,Online,1,224.81,20,179.85,44.98,20,Female,Cash,https://www.soccervillage.com/mm5/graphics/00000001/1/fy0610_g01.jpg
100580,5/9/2025,AD-5970-D,Predator Freak,Footwear,Asia-Pacific,Outlet,2,246.33,0,492.66,136.07,23,Male,Apple Pay,https://www.soccervillage.com/mm5/graphics/00000001/1/fy0610_g01.jpg
100446,4/5/2023,AD-9691-D,Training Shorts,Apparel,North America,Online,2,29.29,20,46.86,11.64,19,Male,UPI,https://assets.adidas.com/images/w_600%2Cf_auto%2Cq_auto/14732790a86d43329cf8df8f1c77367e_9366/Designed_for_Training_Workout_Shorts_Black_IK9723_01_laydown.jpg
100703,2/26/2024,AD-8503-C,Running Watch Strap,Accessories,Asia-Pacific,Online,4,38.35,5,145.73,37.24,23,Female,Google Pay,https://assets.adidas.com/images/w_940%2Cf_auto%2Cq_auto/bfdb966c006f4a02a9b6ad0e00a5b1b4_9366/Running_Strap_Black_HN5572_01_standard.jpg
100188,5/5/2023,AD-8657-B,Adilette Slides,Footwear,North America,Retail,1,36.47,0,36.47,14.19,31,Male,Cash,https://assets.adidas.com/images/w_600%2Cf_auto%2Cq_auto/69e60b96568f41ac8fa4afd3012d46e3_9366/Adilette_Aqua_Slides_Black_IF7371_01_standard.jpg
100271,12/2/2024,AD-8121-C,Primegreen Jacket,Apparel,North America,Online,4,136.9,20,438.08,118.27,32,Male,PayPal,"https://assets.adidas.com/images/c_fill,g_auto,w_1200,h_630,f_auto,q_auto/w_600,f_auto,q_auto/8d7b43159e2643c08d3fad250061730c_9366/Essentials_Warm-Up_3-Stripes_Track_Jacket_Black_H46099_01_laydown.jpg"
100236,7/2/2023,AD-5888-D,Sports Bottle,Accessories,North America,Wholesale,1,13.05,5,12.4,4.58,25,Female,Credit Card,https://assets.adidas.com/images/w_940%2Cf_auto%2Cq_auto/dffb7992446842a98f73aa860118cfee_9366/FM9931_01_00_standard.jpg
100487,8/14/2024,AD-4764-D,Training Shorts,Apparel,Europe,Online,3,30.51,0,91.53,19.71,24,Female,Debit Card,https://assets.adidas.com/images/w_600%2Cf_auto%2Cq_auto/14732790a86d43329cf8df8f1c77367e_9366/Designed_for_Training_Workout_Shorts_Black_IK9723_01_laydown.jpg
101159,7/11/2023,AD-1341-B,Z.N.E. Hoodie,Apparel,North America,Online,4,128.42,0,513.68,141.95,24,Male,Cash,https://assets.adidas.com/images/w_940%2Cf_auto%2Cq_auto/513a21b39fd644cf83561016dfa26f68_9366/JE7537_21_model.jpg
100559,6/9/2025,AD-1886-C,Adicolor Hoodie,Apparel,Latin America,Wholesale,1,81.65,0,81.65,24.12,20,Female,Apple Pay,https://assets.adidas.com/images/w_940%2Cf_auto%2Cq_auto/cb64f14e00914389b9790ba55a528715_9366/JW5965_21_model.jpg
100117,8/29/2023,AD-3531-D,Sports Bottle,Accessories,Europe,Retail,3,16.8,10,45.36,15.54,51,Female,Apple Pay,https://assets.adidas.com/images/w_940%2Cf_auto%2Cq_auto/dffb7992446842a98f73aa860118cfee_9366/FM9931_01_00_standard.jpg
100637,3/28/2023,AD-3945-D,Predator Freak,Footwear,Europe,Retail,1,205.68,0,205.68,66.19,16,Female,Apple Pay,https://www.soccervillage.com/mm5/graphics/00000001/1/fy0610_g01.jpg
101127,4/28/2023,AD-5384-C,Adilette Slides,Footwear,North America,Online,6,40.48,10,218.59,47.7,37,Female,PayPal,https://assets.adidas.com/images/w_600%2Cf_auto%2Cq_auto/69e60b96568f41ac8fa4afd3012d46e3_9366/Adilette_Aqua_Slides_Black_IF7371_01_standard.jpg
100750,11/25/2023,AD-6591-D,Ultraboost Light,Footwear,North America,Outlet,1,168.9,10,152.01,45.82,22,Male,Credit Card,https://res.cloudinary.com/dtc2q8arn/image/upload/v1723747674/Go%20Live%20images/Batch%203/ID3316/ID3316_14_FOOTWEAR_Photography_HeroMrktng_View_3_uk3cpt.jpg
100512,5/9/2025,AD-6638-A,Stan Smith,Footwear,Europe,Online,1,82.72,5,78.58,24.92,34,Female,NetBanking,https://assets.adidas.com/images/w_600%2Cf_auto%2Cq_auto/69721f2e7c934d909168a80e00818569_9366/Stan_Smith_Shoes_White_M20324_01_standard.jpg
100633,3/5/2023,AD-2797-C,Training Shorts,Apparel,Middle East & Africa,Online,2,30.33,0,60.66,16.72,29,Female,Cash,https://assets.adidas.com/images/w_600%2Cf_auto%2Cq_auto/14732790a86d43329cf8df8f1c77367e_9366/Designed_for_Training_Workout_Shorts_Black_IK9723_01_laydown.jpg
100785,8/19/2024,AD-4476-D,Performance Socks (3-pack),Accessories,Europe,Outlet,4,18.26,10,65.74,14.12,34,Female,Apple Pay,https://assets.adidas.com/images/w_940%2Cf_auto%2Cq_auto/717ff966f0854fe089472eb7a83debd8_9366/JC6446_03_standard_hover.jpg
101006,2/14/2024,AD-2156-C,Performance Socks (3-pack),Accessories,North America,Online,5,18.62,10,83.79,31.99,25,Female,UPI,https://assets.adidas.com/images/w_940%2Cf_auto%2Cq_auto/717ff966f0854fe089472eb7a83debd8_9366/JC6446_03_standard_hover.jpg
100852,7/10/2025,AD-2450-B,Primegreen Jacket,Apparel,North America,Retail,2,144.15,5,273.88,86.29,33,Male,NetBanking,"https://assets.adidas.com/images/c_fill,g_auto,w_1200,h_630,f_auto,q_auto/w_600,f_auto,q_auto/8d7b43159e2643c08d3fad250061730c_9366/Essentials_Warm-Up_3-Stripes_Track_Jacket_Black_H46099_01_laydown.jpg"
100126,3/4/2023,AD-2204-A,Training Cap,Accessories,Europe,Online,4,20.75,0,83,28.01,39,Female,Google Pay,https://res.cloudinary.com/dtc2q8arn/image/upload/v1723744392/Go%20Live%20images/Batch%203/IP2780/IP2780_1_HARDWARE_Photography_Front_Center_View_grey_jkmmpe.jpg
100116,7/20/2025,AD-2902-A,Tiro 23 Track Pants,Apparel,North America,Online,3,61.1,0,183.3,62.42,16,Male,Google Pay,https://assets.adidas.com/images/w_600%2Cf_auto%2Cq_auto/d02df6c17bf34147ae3faef5011f4841_9366/Tiro_23_League_Training_Pants_Black_HS7230_01_laydown.jpg
100473,8/24/2023,AD-4773-D,Superstar,Footwear,North America,Online,6,101.44,0,608.64,152.53,34,Male,Debit Card,https://footdistrict.com/cdn/shop/files/sneakers-adidas-originals-superstar-eg4958-0.jpg
100740,2/9/2024,AD-2060-C,Primegreen Jacket,Apparel,Middle East & Africa,Retail,1,121.08,0,121.08,35.31,25,Female,PayPal,"https://assets.adidas.com/images/c_fill,g_auto,w_1200,h_630,f_auto,q_auto/w_600,f_auto,q_auto/8d7b43159e2643c08d3fad250061730c_9366/Essentials_Warm-Up_3-Stripes_Track_Jacket_Black_H46099_01_laydown.jpg"
100992,1/22/2025,AD-7169-D,Ultraboost 22,Footwear,Latin America,Online,2,184.09,5,349.77,109.44,17,Female,PayPal,https://justfreshkicks.com/wp-content/uploads/2021/12/adidas-Ultra-Boost-2022-Triple-White-GX5459-Release-Date-Price.jpeg
100057,1/7/2023,AD-8999-B,Training Shorts,Apparel,Europe,Outlet,4,31.46,5,119.55,37.4,28,Female,UPI,https://assets.adidas.com/images/w_600%2Cf_auto%2Cq_auto/14732790a86d43329cf8df8f1c77367e_9366/Designed_for_Training_Workout_Shorts_Black_IK9723_01_laydown.jpg
100603,5/19/2024,AD-1392-D,Copa Sense,Footwear,North America,Online,3,169.7,0,509.1,180.04,32,Male,Debit Card,https://res.cloudinary.com/dtc2q8arn/image/upload/v1727704399/Batch%204_5/GZ1370/GZ1370_1_FOOTWEAR_Photography_Side_Lateral_Center_View_grey_ooqo8x.jpg
100786,12/26/2024,AD-4847-D,Originals Backpack,Accessories,North America,Online,2,56.76,0,113.52,24.97,23,Male,Cash,https://assets.adidas.com/images/w_940%2Cf_auto%2Cq_auto/6e58dbe12eed418ba809246a19b2bd7d_9366/IU0178_01_00_standard.jpg
100970,1/23/2024,AD-7583-B,NMD_R1,Footwear,Europe,Online,2,116.46,10,209.63,43.47,31,Male,Google Pay,https://assets.adidas.com/images/w_940%2Cf_auto%2Cq_auto/8563f8e2e30a4df4821eae1e002e3dc9_9366/GW5698_01_00_standard.jpg
100656,7/6/2025,AD-5528-D,Stan Smith,Footwear,North America,Retail,5,80.94,0,404.7,143.22,23,Female,Google Pay,https://assets.adidas.com/images/w_600%2Cf_auto%2Cq_auto/69721f2e7c934d909168a80e00818569_9366/Stan_Smith_Shoes_White_M20324_01_standard.jpg
100902,6/12/2025,AD-8711-A,Predator Freak,Footwear,Middle East & Africa,Outlet,3,221.49,0,664.47,225.85,26,Male,Debit Card,https://www.soccervillage.com/mm5/graphics/00000001/1/fy0610_g01.jpg
100921,2/3/2024,AD-3601-C,Adilette Slides,Footwear,North America,Online,3,29.79,10,80.43,28.4,26,Female,Google Pay,https://assets.adidas.com/images/w_600%2Cf_auto%2Cq_auto/69e60b96568f41ac8fa4afd3012d46e3_9366/Adilette_Aqua_Slides_Black_IF7371_01_standard.jpg
100105,9/19/2023,AD-8237-C,Ultraboost 22,Footwear,Europe,Online,3,171.69,0,515.07,135.89,49,Male,Debit Card,https://justfreshkicks.com/wp-content/uploads/2021/12/adidas-Ultra-Boost-2022-Triple-White-GX5459-Release-Date-Price.jpeg
100635,3/21/2024,AD-7835-B,Sports Bottle,Accessories,North America,Online,1,15.38,20,12.3,6.01,26,Female,Cash,https://assets.adidas.com/images/w_940%2Cf_auto%2Cq_auto/dffb7992446842a98f73aa860118cfee_9366/FM9931_01_00_standard.jpg
100369,7/9/2023,AD-5315-B,Training Shorts,Apparel,Europe,Online,5,30.69,0,153.45,53.7,28,Male,Google Pay,https://assets.adidas.com/images/w_600%2Cf_auto%2Cq_auto/14732790a86d43329cf8df8f1c77367e_9366/Designed_for_Training_Workout_Shorts_Black_IK9723_01_laydown.jpg
100268,8/23/2025,AD-8353-D,Tiro 23 Track Pants,Apparel,Asia-Pacific,Online,2,57.82,5,109.86,38.83,41,Male,Apple Pay,https://assets.adidas.com/images/w_600%2Cf_auto%2Cq_auto/d02df6c17bf34147ae3faef5011f4841_9366/Tiro_23_League_Training_Pants_Black_HS7230_01_laydown.jpg
100655,8/31/2025,AD-7159-B,NMD_R1,Footwear,Asia-Pacific,Online,6,116.35,0,698.1,156.12,16,Female,PayPal,https://assets.adidas.com/images/w_940%2Cf_auto%2Cq_auto/8563f8e2e30a4df4821eae1e002e3dc9_9366/GW5698_01_00_standard.jpg
100046,12/14/2024,AD-5930-D,Tiro 23 Track Pants,Apparel,North America,Retail,4,62.77,0,251.08,76.4,46,Male,PayPal,https://assets.adidas.com/images/w_600%2Cf_auto%2Cq_auto/d02df6c17bf34147ae3faef5011f4841_9366/Tiro_23_League_Training_Pants_Black_HS7230_01_laydown.jpg
100349,1/31/2023,AD-3615-A,Essentials Tee,Apparel,Middle East & Africa,Retail,5,26.47,10,119.11,24.82,37,Female,UPI,https://shop.simon.com/cdn/shop/files/3f84ca8be8d64d3fb9b66db4a3b02046.jpg
100773,8/16/2025,AD-7656-A,Adicolor Hoodie,Apparel,Latin America,Online,3,70.01,5,199.53,57.71,29,Male,Cash,https://assets.adidas.com/images/w_940%2Cf_auto%2Cq_auto/cb64f14e00914389b9790ba55a528715_9366/JW5965_21_model.jpg
100195,6/29/2025,AD-5873-D,Sports Bottle,Accessories,Middle East & Africa,Retail,3,15.14,5,43.15,17.54,29,Female,Apple Pay,https://assets.adidas.com/images/w_940%2Cf_auto%2Cq_auto/dffb7992446842a98f73aa860118cfee_9366/FM9931_01_00_standard.jpg
100102,2/17/2025,AD-5806-C,Stan Smith,Footwear,Asia-Pacific,Outlet,2,79.81,5,151.64,31.81,32,Male,Credit Card,https://assets.adidas.com/images/w_600%2Cf_auto%2Cq_auto/69721f2e7c934d909168a80e00818569_9366/Stan_Smith_Shoes_White_M20324_01_standard.jpg
100004,7/3/2024,AD-4150-A,Stan Smith,Footwear,Europe,Retail,2,85.46,0,170.92,39.1,20,Female,Cash,https://assets.adidas.com/images/w_600%2Cf_auto%2Cq_auto/69721f2e7c934d909168a80e00818569_9366/Stan_Smith_Shoes_White_M20324_01_standard.jpg
100619,5/25/2023,AD-1831-B,Tiro 23 Track Pants,Apparel,North America,Online,3,47.35,0,142.05,39.31,22,Female,Google Pay,https://assets.adidas.com/images/w_600%2Cf_auto%2Cq_auto/d02df6c17bf34147ae3faef5011f4841_9366/Tiro_23_League_Training_Pants_Black_HS7230_01_laydown.jpg
100990,12/18/2024,AD-5981-D,Sports Bottle,Accessories,North America,Retail,2,16.89,5,32.09,11.62,40,Female,Credit Card,https://assets.adidas.com/images/w_940%2Cf_auto%2Cq_auto/dffb7992446842a98f73aa860118cfee_9366/FM9931_01_00_standard.jpg
100052,2/21/2023,AD-8251-D,Sports Bottle,Accessories,Latin America,Retail,4,15.78,20,50.5,17.11,35,Female,Cash,https://assets.adidas.com/images/w_940%2Cf_auto%2Cq_auto/dffb7992446842a98f73aa860118cfee_9366/FM9931_01_00_standard.jpg
100263,7/31/2024,AD-3292-A,Adicolor Hoodie,Apparel,Latin America,Retail,4,70.35,0,281.4,82.79,26,Male,Apple Pay,https://assets.adidas.com/images/w_940%2Cf_auto%2Cq_auto/cb64f14e00914389b9790ba55a528715_9366/JW5965_21_model.jpg
101092,8/20/2025,AD-3113-D,Stan Smith,Footwear,Europe,Online,1,73,0,73,22.96,21,Male,Apple Pay,https://assets.adidas.com/images/w_600%2Cf_auto%2Cq_auto/69721f2e7c934d909168a80e00818569_9366/Stan_Smith_Shoes_White_M20324_01_standard.jpg
100443,1/22/2024,AD-1092-C,Ultraboost Light,Footwear,Asia-Pacific,Online,3,131.82,5,375.69,102.64,16,Female,NetBanking,https://res.cloudinary.com/dtc2q8arn/image/upload/v1723747674/Go%20Live%20images/Batch%203/ID3316/ID3316_14_FOOTWEAR_Photography_HeroMrktng_View_3_uk3cpt.jpg
100971,1/27/2023,AD-7036-D,NMD_R1,Footwear,Europe,Wholesale,3,125.36,10,338.47,118.32,31,Female,UPI,https://assets.adidas.com/images/w_940%2Cf_auto%2Cq_auto/8563f8e2e30a4df4821eae1e002e3dc9_9366/GW5698_01_00_standard.jpg
100782,1/5/2025,AD-4677-B,Gym Bag,Accessories,Latin America,Retail,1,41.95,5,39.85,11.52,29,Female,Debit Card,https://assets.adidas.com/images/w_600%2Cf_auto%2Cq_auto/d525201fecc84b71af1761f4e9cc371a_9366/Lounge_Duffel_Bag_Grey_JK5352_01_00_standard.jpg
100846,12/12/2024,AD-7694-A,Adilette Slides,Footwear,North America,Online,2,32.4,5,61.56,16.65,40,Female,Debit Card,https://assets.adidas.com/images/w_600%2Cf_auto%2Cq_auto/69e60b96568f41ac8fa4afd3012d46e3_9366/Adilette_Aqua_Slides_Black_IF7371_01_standard.jpg
100691,9/4/2023,AD-6872-C,Superstar,Footwear,North America,Retail,2,105.28,0,210.56,67.63,30,Female,PayPal,https://footdistrict.com/cdn/shop/files/sneakers-adidas-originals-superstar-eg4958-0.jpg
100304,8/31/2025,AD-6869-A,Training Cap,Accessories,North America,Retail,3,20.86,5,59.45,19.37,26,Female,Google Pay,https://res.cloudinary.com/dtc2q8arn/image/upload/v1723744392/Go%20Live%20images/Batch%203/IP2780/IP2780_1_HARDWARE_Photography_Front_Center_View_grey_jkmmpe.jpg
100341,2/1/2023,AD-3290-A,Primegreen Jacket,Apparel,Asia-Pacific,Retail,5,115.78,0,578.9,137.49,17,Male,Debit Card,"https://assets.adidas.com/images/c_fill,g_auto,w_1200,h_630,f_auto,q_auto/w_600,f_auto,q_auto/8d7b43159e2643c08d3fad250061730c_9366/Essentials_Warm-Up_3-Stripes_Track_Jacket_Black_H46099_01_laydown.jpg"
100866,1/26/2025,AD-5578-D,Sports Bottle,Accessories,Europe,Online,3,14.71,0,44.13,14.59,22,Male,PayPal,https://assets.adidas.com/images/w_940%2Cf_auto%2Cq_auto/dffb7992446842a98f73aa860118cfee_9366/FM9931_01_00_standard.jpg
100313,6/27/2024,AD-7745-D,Running Watch Strap,Accessories,Asia-Pacific,Online,2,43.15,10,77.67,32.09,50,Female,PayPal,https://assets.adidas.com/images/w_940%2Cf_auto%2Cq_auto/bfdb966c006f4a02a9b6ad0e00a5b1b4_9366/Running_Strap_Black_HN5572_01_standard.jpg
100149,11/14/2023,AD-9307-D,Performance Socks (3-pack),Accessories,North America,Outlet,2,18.3,5,34.77,8.84,38,Male,Debit Card,https://assets.adidas.com/images/w_940%2Cf_auto%2Cq_auto/717ff966f0854fe089472eb7a83debd8_9366/JC6446_03_standard_hover.jpg
100124,6/28/2023,AD-8344-C,Essentials Tee,Apparel,Asia-Pacific,Retail,1,30.15,10,27.13,7.69,23,Female,Google Pay,https://shop.simon.com/cdn/shop/files/3f84ca8be8d64d3fb9b66db4a3b02046.jpg
101062,6/23/2023,AD-2939-C,Stan Smith,Footwear,Middle East & Africa,Online,5,77.63,20,310.52,95.06,21,Male,Cash,https://assets.adidas.com/images/w_600%2Cf_auto%2Cq_auto/69721f2e7c934d909168a80e00818569_9366/Stan_Smith_Shoes_White_M20324_01_standard.jpg
100574,2/7/2024,AD-2015-C,Copa Sense,Footwear,Asia-Pacific,Online,2,169.92,10,305.86,100.22,39,Male,NetBanking,https://res.cloudinary.com/dtc2q8arn/image/upload/v1727704399/Batch%204_5/GZ1370/GZ1370_1_FOOTWEAR_Photography_Side_Lateral_Center_View_grey_ooqo8x.jpg
100697,9/2/2023,AD-4693-C,Sports Bottle,Accessories,Europe,Wholesale,2,13.38,10,24.08,6.74,34,Female,UPI,https://assets.adidas.com/images/w_940%2Cf_auto%2Cq_auto/dffb7992446842a98f73aa860118cfee_9366/FM9931_01_00_standard.jpg
100664,10/9/2024,AD-4327-B,Superstar,Footwear,Latin America,Online,1,102.55,5,97.42,24.8,35,Female,NetBanking,https://footdistrict.com/cdn/shop/files/sneakers-adidas-originals-superstar-eg4958-0.jpg
100050,4/11/2024,AD-4997-B,Originals Backpack,Accessories,Asia-Pacific,Retail,3,57.89,0,173.67,58.9,33,Male,Apple Pay,https://assets.adidas.com/images/w_940%2Cf_auto%2Cq_auto/6e58dbe12eed418ba809246a19b2bd7d_9366/IU0178_01_00_standard.jpg
100726,2/26/2024,AD-9612-A,Z.N.E. Hoodie,Apparel,North America,Online,3,127.14,0,381.42,87.74,29,Male,UPI,https://assets.adidas.com/images/w_940%2Cf_auto%2Cq_auto/513a21b39fd644cf83561016dfa26f68_9366/JE7537_21_model.jpg
100799,8/5/2023,AD-2516-D,Ultraboost Light,Footwear,North America,Retail,3,142.84,0,428.52,125.72,25,Female,Apple Pay,https://res.cloudinary.com/dtc2q8arn/image/upload/v1723747674/Go%20Live%20images/Batch%203/ID3316/ID3316_14_FOOTWEAR_Photography_HeroMrktng_View_3_uk3cpt.jpg
100353,4/3/2023,AD-3137-C,Ultraboost Light,Footwear,North America,Retail,3,148.06,20,355.34,76.69,23,Male,UPI,https://res.cloudinary.com/dtc2q8arn/image/upload/v1723747674/Go%20Live%20images/Batch%203/ID3316/ID3316_14_FOOTWEAR_Photography_HeroMrktng_View_3_uk3cpt.jpg
101152,12/27/2023,AD-9227-D,Essentials Tee,Apparel,Asia-Pacific,Online,3,24.27,10,65.53,12.71,23,Male,Apple Pay,https://shop.simon.com/cdn/shop/files/3f84ca8be8d64d3fb9b66db4a3b02046.jpg
100142,6/1/2025,AD-7626-D,Ultraboost Light,Footwear,Europe,Online,3,131.71,5,375.37,97.63,22,Male,Apple Pay,https://res.cloudinary.com/dtc2q8arn/image/upload/v1723747674/Go%20Live%20images/Batch%203/ID3316/ID3316_14_FOOTWEAR_Photography_HeroMrktng_View_3_uk3cpt.jpg
100470,7/28/2025,AD-5314-B,Performance Socks (3-pack),Accessories,North America,Retail,3,18.14,0,54.42,11.64,33,Male,NetBanking,https://assets.adidas.com/images/w_940%2Cf_auto%2Cq_auto/717ff966f0854fe089472eb7a83debd8_9366/JC6446_03_standard_hover.jpg
100653,11/24/2024,AD-2600-A,Copa Sense,Footwear,North America,Online,3,166.49,5,474.5,134.59,28,Male,Apple Pay,https://res.cloudinary.com/dtc2q8arn/image/upload/v1727704399/Batch%204_5/GZ1370/GZ1370_1_FOOTWEAR_Photography_Side_Lateral_Center_View_grey_ooqo8x.jpg
100399,12/17/2023,AD-2324-D,Originals Backpack,Accessories,Latin America,Wholesale,3,59.8,0,179.4,68.19,35,Male,PayPal,https://assets.adidas.com/images/w_940%2Cf_auto%2Cq_auto/6e58dbe12eed418ba809246a19b2bd7d_9366/IU0178_01_00_standard.jpg
101153,6/4/2024,AD-4177-C,Z.N.E. Hoodie,Apparel,North America,Online,1,111.64,10,100.48,23.81,27,Female,Apple Pay,https://assets.adidas.com/images/w_940%2Cf_auto%2Cq_auto/513a21b39fd644cf83561016dfa26f68_9366/JE7537_21_model.jpg
100937,8/14/2025,AD-3844-A,Sports Bottle,Accessories,Europe,Online,3,14.6,5,41.61,12.82,39,Male,Cash,https://assets.adidas.com/images/w_940%2Cf_auto%2Cq_auto/dffb7992446842a98f73aa860118cfee_9366/FM9931_01_00_standard.jpg
100320,3/9/2024,AD-2294-B,Primegreen Jacket,Apparel,Europe,Retail,3,134.8,10,363.96,106.3,25,Male,NetBanking,"https://assets.adidas.com/images/c_fill,g_auto,w_1200,h_630,f_auto,q_auto/w_600,f_auto,q_auto/8d7b43159e2643c08d3fad250061730c_9366/Essentials_Warm-Up_3-Stripes_Track_Jacket_Black_H46099_01_laydown.jpg"
100019,3/11/2023,AD-9834-B,Ultraboost Light,Footwear,North America,Online,2,154.15,0,308.3,99.47,28,Female,UPI,https://res.cloudinary.com/dtc2q8arn/image/upload/v1723747674/Go%20Live%20images/Batch%203/ID3316/ID3316_14_FOOTWEAR_Photography_HeroMrktng_View_3_uk3cpt.jpg
100684,8/22/2024,AD-7346-C,Training Cap,Accessories,Europe,Online,3,19.99,10,53.97,20.91,28,Female,PayPal,https://res.cloudinary.com/dtc2q8arn/image/upload/v1723744392/Go%20Live%20images/Batch%203/IP2780/IP2780_1_HARDWARE_Photography_Front_Center_View_grey_jkmmpe.jpg
100035,1/4/2023,AD-1158-A,Z.N.E. Hoodie,Apparel,Asia-Pacific,Online,5,127.11,0,635.55,160.93,36,Female,Apple Pay,https://assets.adidas.com/images/w_940%2Cf_auto%2Cq_auto/513a21b39fd644cf83561016dfa26f68_9366/JE7537_21_model.jpg
100824,4/27/2025,AD-4671-D,Gym Bag,Accessories,North America,Online,3,47.75,10,128.93,47.16,33,Female,Debit Card,https://assets.adidas.com/images/w_600%2Cf_auto%2Cq_auto/d525201fecc84b71af1761f4e9cc371a_9366/Lounge_Duffel_Bag_Grey_JK5352_01_00_standard.jpg
100505,5/29/2024,AD-6171-A,Training Shorts,Apparel,Asia-Pacific,Online,2,33.19,5,63.06,19.12,38,Female,Google Pay,https://assets.adidas.com/images/w_600%2Cf_auto%2Cq_auto/14732790a86d43329cf8df8f1c77367e_9366/Designed_for_Training_Workout_Shorts_Black_IK9723_01_laydown.jpg
100827,4/23/2025,AD-3572-C,Sports Bottle,Accessories,North America,Retail,4,12,10,43.2,13.2,16,Female,Cash,https://assets.adidas.com/images/w_940%2Cf_auto%2Cq_auto/dffb7992446842a98f73aa860118cfee_9366/FM9931_01_00_standard.jpg
101070,1/6/2024,AD-2804-A,Ultraboost 22,Footwear,Latin America,Online,5,185.68,20,742.72,207.01,24,Male,PayPal,https://justfreshkicks.com/wp-content/uploads/2021/12/adidas-Ultra-Boost-2022-Triple-White-GX5459-Release-Date-Price.jpeg
100407,2/28/2025,AD-1790-A,Sports Bottle,Accessories,Asia-Pacific,Online,3,13.81,0,41.43,15.12,39,Male,Credit Card,https://assets.adidas.com/images/w_940%2Cf_auto%2Cq_auto/dffb7992446842a98f73aa860118cfee_9366/FM9931_01_00_standard.jpg
100817,2/14/2024,AD-4799-A,Training Cap,Accessories,Asia-Pacific,Wholesale,2,22.06,0,44.12,9.18,25,Female,Google Pay,https://res.cloudinary.com/dtc2q8arn/image/upload/v1723744392/Go%20Live%20images/Batch%203/IP2780/IP2780_1_HARDWARE_Photography_Front_Center_View_grey_jkmmpe.jpg
100537,8/18/2024,AD-2497-C,Training Cap,Accessories,North America,Retail,3,21.54,0,64.62,17.09,24,Male,Google Pay,https://res.cloudinary.com/dtc2q8arn/image/upload/v1723744392/Go%20Live%20images/Batch%203/IP2780/IP2780_1_HARDWARE_Photography_Front_Center_View_grey_jkmmpe.jpg
100758,3/19/2024,AD-1304-B,Sports Bottle,Accessories,Europe,Online,3,15.28,5,43.55,12.72,41,Male,PayPal,https://assets.adidas.com/images/w_940%2Cf_auto%2Cq_auto/dffb7992446842a98f73aa860118cfee_9366/FM9931_01_00_standard.jpg
101068,9/8/2024,AD-9826-D,Z.N.E. Hoodie,Apparel,Middle East & Africa,Wholesale,3,112.57,10,303.94,119.73,16,Male,Google Pay,https://assets.adidas.com/images/w_940%2Cf_auto%2Cq_auto/513a21b39fd644cf83561016dfa26f68_9366/JE7537_21_model.jpg
100892,7/13/2023,AD-5909-D,Training Cap,Accessories,Middle East & Africa,Retail,1,23.81,0,23.81,9.19,40,Male,Cash,https://res.cloudinary.com/dtc2q8arn/image/upload/v1723744392/Go%20Live%20images/Batch%203/IP2780/IP2780_1_HARDWARE_Photography_Front_Center_View_grey_jkmmpe.jpg
100038,6/4/2025,AD-7745-B,Copa Sense,Footwear,Asia-Pacific,Outlet,5,163.9,0,819.5,256.39,37,Male,Cash,https://res.cloudinary.com/dtc2q8arn/image/upload/v1727704399/Batch%204_5/GZ1370/GZ1370_1_FOOTWEAR_Photography_Side_Lateral_Center_View_grey_ooqo8x.jpg
100175,3/21/2025,AD-5150-A,Adilette Slides,Footwear,Europe,Online,1,33.53,0,33.53,12.68,29,Male,Google Pay,https://assets.adidas.com/images/w_600%2Cf_auto%2Cq_auto/69e60b96568f41ac8fa4afd3012d46e3_9366/Adilette_Aqua_Slides_Black_IF7371_01_standard.jpg
100245,7/29/2024,AD-6411-A,Originals Backpack,Accessories,Asia-Pacific,Online,6,54.57,0,327.42,98,39,Male,UPI,https://assets.adidas.com/images/w_940%2Cf_auto%2Cq_auto/6e58dbe12eed418ba809246a19b2bd7d_9366/IU0178_01_00_standard.jpg
100810,3/22/2023,AD-2911-A,NMD_R1,Footwear,Asia-Pacific,Online,3,140.89,40,253.6,85.72,43,Male,Apple Pay,https://assets.adidas.com/images/w_940%2Cf_auto%2Cq_auto/8563f8e2e30a4df4821eae1e002e3dc9_9366/GW5698_01_00_standard.jpg
101084,1/9/2023,AD-6830-B,Training Shorts,Apparel,Middle East & Africa,Retail,4,29.67,0,118.68,37.44,16,Male,Apple Pay,https://assets.adidas.com/images/w_600%2Cf_auto%2Cq_auto/14732790a86d43329cf8df8f1c77367e_9366/Designed_for_Training_Workout_Shorts_Black_IK9723_01_laydown.jpg
101077,5/2/2025,AD-4724-D,Originals Backpack,Accessories,Latin America,Retail,1,60.97,0,60.97,14.81,29,Female,NetBanking,https://assets.adidas.com/images/w_940%2Cf_auto%2Cq_auto/6e58dbe12eed418ba809246a19b2bd7d_9366/IU0178_01_00_standard.jpg
100784,3/4/2024,AD-5068-C,Copa Sense,Footwear,North America,Online,5,176.44,5,838.09,149.75,35,Male,Google Pay,https://res.cloudinary.com/dtc2q8arn/image/upload/v1727704399/Batch%204_5/GZ1370/GZ1370_1_FOOTWEAR_Photography_Side_Lateral_Center_View_grey_ooqo8x.jpg
101184,5/2/2025,AD-4849-C,Gym Bag,Accessories,North America,Online,3,49.69,5,141.62,39.88,28,Male,PayPal,https://assets.adidas.com/images/w_600%2Cf_auto%2Cq_auto/d525201fecc84b71af1761f4e9cc371a_9366/Lounge_Duffel_Bag_Grey_JK5352_01_00_standard.jpg
100489,9/14/2025,AD-2049-C,Ultraboost 22,Footwear,Asia-Pacific,Retail,4,148.24,0,592.96,197.2,20,Female,Debit Card,https://justfreshkicks.com/wp-content/uploads/2021/12/adidas-Ultra-Boost-2022-Triple-White-GX5459-Release-Date-Price.jpeg
100154,4/7/2023,AD-6461-A,Sports Bottle,Accessories,North America,Retail,6,14.38,0,86.28,36.98,42,Female,PayPal,https://assets.adidas.com/images/w_940%2Cf_auto%2Cq_auto/dffb7992446842a98f73aa860118cfee_9366/FM9931_01_00_standard.jpg
100638,6/5/2024,AD-9161-B,Originals Backpack,Accessories,Europe,Online,5,63.27,0,316.35,107.19,25,Male,Credit Card,https://assets.adidas.com/images/w_940%2Cf_auto%2Cq_auto/6e58dbe12eed418ba809246a19b2bd7d_9366/IU0178_01_00_standard.jpg
100662,5/4/2024,AD-1054-D,Originals Backpack,Accessories,Asia-Pacific,Outlet,2,63.3,5,120.27,52.04,25,Male,UPI,https://assets.adidas.com/images/w_940%2Cf_auto%2Cq_auto/6e58dbe12eed418ba809246a19b2bd7d_9366/IU0178_01_00_standard.jpg
100853,12/25/2024,AD-2395-B,Ultraboost 22,Footwear,Asia-Pacific,Retail,3,176.67,0,530.01,197.42,18,Female,Debit Card,https://justfreshkicks.com/wp-content/uploads/2021/12/adidas-Ultra-Boost-2022-Triple-White-GX5459-Release-Date-Price.jpeg
100287,2/10/2024,AD-4519-B,Ultraboost 22,Footwear,Latin America,Online,1,153.12,0,153.12,49.61,19,Male,Credit Card,https://justfreshkicks.com/wp-content/uploads/2021/12/adidas-Ultra-Boost-2022-Triple-White-GX5459-Release-Date-Price.jpeg
100625,6/4/2024,AD-5949-D,Stan Smith,Footwear,Asia-Pacific,Online,4,83.94,5,318.97,118.43,25,Female,Debit Card,https://assets.adidas.com/images/w_600%2Cf_auto%2Cq_auto/69721f2e7c934d909168a80e00818569_9366/Stan_Smith_Shoes_White_M20324_01_standard.jpg
101199,12/15/2023,AD-4399-D,Copa Sense,Footwear,Middle East & Africa,Retail,2,176.23,0,352.46,120.59,36,Male,UPI,https://res.cloudinary.com/dtc2q8arn/image/upload/v1727704399/Batch%204_5/GZ1370/GZ1370_1_FOOTWEAR_Photography_Side_Lateral_Center_View_grey_ooqo8x.jpg
100685,5/20/2023,AD-1525-A,Performance Socks (3-pack),Accessories,Asia-Pacific,Wholesale,3,20.6,0,61.8,21.17,39,Male,PayPal,https://assets.adidas.com/images/w_940%2Cf_auto%2Cq_auto/717ff966f0854fe089472eb7a83debd8_9366/JC6446_03_standard_hover.jpg
100872,1/15/2024,AD-4137-A,Adilette Slides,Footwear,North America,Online,4,32.76,5,124.49,35.81,27,Male,Cash,https://assets.adidas.com/images/w_600%2Cf_auto%2Cq_auto/69e60b96568f41ac8fa4afd3012d46e3_9366/Adilette_Aqua_Slides_Black_IF7371_01_standard.jpg
100569,7/15/2024,AD-9631-A,Training Cap,Accessories,Middle East & Africa,Retail,5,18.39,0,91.95,27.35,27,Female,Apple Pay,https://res.cloudinary.com/dtc2q8arn/image/upload/v1723744392/Go%20Live%20images/Batch%203/IP2780/IP2780_1_HARDWARE_Photography_Front_Center_View_grey_jkmmpe.jpg
101143,6/23/2025,AD-5422-B,Ultraboost Light,Footwear,Middle East & Africa,Online,3,141.38,10,381.73,117.96,24,Male,Apple Pay,https://res.cloudinary.com/dtc2q8arn/image/upload/v1723747674/Go%20Live%20images/Batch%203/ID3316/ID3316_14_FOOTWEAR_Photography_HeroMrktng_View_3_uk3cpt.jpg
100734,1/2/2025,AD-4506-D,Adilette Slides,Footwear,North America,Retail,2,35.51,0,71.02,25.62,42,Male,Debit Card,https://assets.adidas.com/images/w_600%2Cf_auto%2Cq_auto/69e60b96568f41ac8fa4afd3012d46e3_9366/Adilette_Aqua_Slides_Black_IF7371_01_standard.jpg
100792,2/21/2025,AD-3435-A,Predator Freak,Footwear,Latin America,Retail,4,252.89,0,1011.56,324.7,25,Male,UPI,https://www.soccervillage.com/mm5/graphics/00000001/1/fy0610_g01.jpg
100017,12/31/2024,AD-2982-B,Tiro 23 Track Pants,Apparel,Asia-Pacific,Online,4,59.26,5,225.19,57.76,18,Female,Google Pay,https://assets.adidas.com/images/w_600%2Cf_auto%2Cq_auto/d02df6c17bf34147ae3faef5011f4841_9366/Tiro_23_League_Training_Pants_Black_HS7230_01_laydown.jpg
100127,11/26/2023,AD-7240-C,NMD_R1,Footwear,North America,Retail,2,108.44,10,195.19,44.82,23,Female,Cash,https://assets.adidas.com/images/w_940%2Cf_auto%2Cq_auto/8563f8e2e30a4df4821eae1e002e3dc9_9366/GW5698_01_00_standard.jpg
100322,1/17/2025,AD-6067-B,Adicolor Hoodie,Apparel,North America,Online,4,74.05,10,266.58,85.32,22,Male,Credit Card,https://assets.adidas.com/images/w_940%2Cf_auto%2Cq_auto/cb64f14e00914389b9790ba55a528715_9366/JW5965_21_model.jpg
100255,5/12/2025,AD-8916-D,Adicolor Hoodie,Apparel,North America,Online,2,82.82,10,149.08,40.59,37,Male,Credit Card,https://assets.adidas.com/images/w_940%2Cf_auto%2Cq_auto/cb64f14e00914389b9790ba55a528715_9366/JW5965_21_model.jpg
100943,1/25/2025,AD-4309-B,Originals Backpack,Accessories,Asia-Pacific,Online,5,62.58,0,312.9,97.62,17,Male,NetBanking,https://assets.adidas.com/images/w_940%2Cf_auto%2Cq_auto/6e58dbe12eed418ba809246a19b2bd7d_9366/IU0178_01_00_standard.jpg
101179,5/9/2023,AD-2387-A,Primegreen Jacket,Apparel,Europe,Retail,2,128.56,0,257.12,82.32,35,Male,Credit Card,"https://assets.adidas.com/images/c_fill,g_auto,w_1200,h_630,f_auto,q_auto/w_600,f_auto,q_auto/8d7b43159e2643c08d3fad250061730c_9366/Essentials_Warm-Up_3-Stripes_Track_Jacket_Black_H46099_01_laydown.jpg"
100190,5/9/2023,AD-3114-D,Z.N.E. Hoodie,Apparel,Europe,Retail,1,118.28,0,118.28,27.92,44,Male,PayPal,https://assets.adidas.com/images/w_940%2Cf_auto%2Cq_auto/513a21b39fd644cf83561016dfa26f68_9366/JE7537_21_model.jpg
100115,11/22/2024,AD-2035-D,Adicolor Hoodie,Apparel,Asia-Pacific,Wholesale,2,67.51,5,128.27,43.33,37,Male,UPI,https://assets.adidas.com/images/w_940%2Cf_auto%2Cq_auto/cb64f14e00914389b9790ba55a528715_9366/JW5965_21_model.jpg
101173,2/2/2023,AD-2607-C,Training Cap,Accessories,North America,Retail,3,22.53,0,67.59,25.9,32,Male,Apple Pay,https://res.cloudinary.com/dtc2q8arn/image/upload/v1723744392/Go%20Live%20images/Batch%203/IP2780/IP2780_1_HARDWARE_Photography_Front_Center_View_grey_jkmmpe.jpg
100888,12/30/2023,AD-1991-B,Originals Backpack,Accessories,Asia-Pacific,Online,2,58.87,5,111.85,33.72,25,Male,Credit Card,https://assets.adidas.com/images/w_940%2Cf_auto%2Cq_auto/6e58dbe12eed418ba809246a19b2bd7d_9366/IU0178_01_00_standard.jpg
100606,2/24/2025,AD-3877-B,Ultraboost 22,Footwear,Europe,Online,4,161.56,10,581.62,180,31,Female,Credit Card,https://justfreshkicks.com/wp-content/uploads/2021/12/adidas-Ultra-Boost-2022-Triple-White-GX5459-Release-Date-Price.jpeg
100180,12/26/2023,AD-1939-A,Performance Socks (3-pack),Accessories,Latin America,Online,2,17.65,10,31.77,11.27,19,Other,NetBanking,https://assets.adidas.com/images/w_940%2Cf_auto%2Cq_auto/717ff966f0854fe089472eb7a83debd8_9366/JC6446_03_standard_hover.jpg
100301,5/19/2023,AD-5090-B,Originals Backpack,Accessories,Middle East & Africa,Outlet,1,63.33,0,63.33,22.58,44,Male,PayPal,https://assets.adidas.com/images/w_940%2Cf_auto%2Cq_auto/6e58dbe12eed418ba809246a19b2bd7d_9366/IU0178_01_00_standard.jpg
100496,7/26/2024,AD-9813-C,Superstar,Footwear,Europe,Online,4,103.78,0,415.12,115.8,30,Male,NetBanking,https://footdistrict.com/cdn/shop/files/sneakers-adidas-originals-superstar-eg4958-0.jpg
100348,7/11/2024,AD-6224-B,Training Cap,Accessories,Asia-Pacific,Online,3,21.94,5,62.53,19.72,16,Male,Credit Card,https://res.cloudinary.com/dtc2q8arn/image/upload/v1723744392/Go%20Live%20images/Batch%203/IP2780/IP2780_1_HARDWARE_Photography_Front_Center_View_grey_jkmmpe.jpg
101035,4/4/2023,AD-6507-D,Ultraboost Light,Footwear,Europe,Retail,2,150.16,5,285.3,104.02,24,Other,UPI,https://res.cloudinary.com/dtc2q8arn/image/upload/v1723747674/Go%20Live%20images/Batch%203/ID3316/ID3316_14_FOOTWEAR_Photography_HeroMrktng_View_3_uk3cpt.jpg
100982,5/11/2023,AD-7359-D,Z.N.E. Hoodie,Apparel,Asia-Pacific,Online,2,122.97,0,245.94,78.62,26,Male,UPI,https://assets.adidas.com/images/w_940%2Cf_auto%2Cq_auto/513a21b39fd644cf83561016dfa26f68_9366/JE7537_21_model.jpg
100744,1/31/2023,AD-7269-C,Stan Smith,Footwear,Latin America,Retail,1,81.45,0,81.45,26.5,45,Male,PayPal,https://assets.adidas.com/images/w_600%2Cf_auto%2Cq_auto/69721f2e7c934d909168a80e00818569_9366/Stan_Smith_Shoes_White_M20324_01_standard.jpg
101151,6/16/2025,AD-8802-D,Stan Smith,Footwear,North America,Outlet,3,89.65,0,268.95,98.54,47,Male,Credit Card,https://assets.adidas.com/images/w_600%2Cf_auto%2Cq_auto/69721f2e7c934d909168a80e00818569_9366/Stan_Smith_Shoes_White_M20324_01_standard.jpg
100517,3/10/2025,AD-3048-B,Training Shorts,Apparel,Europe,Retail,4,31.97,0,127.88,31.84,28,Male,Credit Card,https://assets.adidas.com/images/w_600%2Cf_auto%2Cq_auto/14732790a86d43329cf8df8f1c77367e_9366/Designed_for_Training_Workout_Shorts_Black_IK9723_01_laydown.jpg
100372,11/3/2023,AD-2970-D,Superstar,Footwear,Latin America,Online,3,90.24,5,257.18,88.24,25,Female,PayPal,https://footdistrict.com/cdn/shop/files/sneakers-adidas-originals-superstar-eg4958-0.jpg
100045,9/30/2024,AD-6344-D,Z.N.E. Hoodie,Apparel,North America,Outlet,2,128.31,0,256.62,64.54,24,Male,Apple Pay,https://assets.adidas.com/images/w_940%2Cf_auto%2Cq_auto/513a21b39fd644cf83561016dfa26f68_9366/JE7537_21_model.jpg
100476,9/22/2023,AD-2404-B,Copa Sense,Footwear,Europe,Wholesale,3,157.22,0,471.66,134.22,28,Female,NetBanking,https://res.cloudinary.com/dtc2q8arn/image/upload/v1727704399/Batch%204_5/GZ1370/GZ1370_1_FOOTWEAR_Photography_Side_Lateral_Center_View_grey_ooqo8x.jpg
100157,1/19/2023,AD-4711-B,Training Shorts,Apparel,Middle East & Africa,Online,4,27.1,5,102.98,27.81,23,Female,UPI,https://assets.adidas.com/images/w_600%2Cf_auto%2Cq_auto/14732790a86d43329cf8df8f1c77367e_9366/Designed_for_Training_Workout_Shorts_Black_IK9723_01_laydown.jpg
101046,9/13/2024,AD-9401-D,Essentials Tee,Apparel,North America,Retail,1,21.96,20,17.57,5.92,23,Female,Credit Card,https://shop.simon.com/cdn/shop/files/3f84ca8be8d64d3fb9b66db4a3b02046.jpg
100171,7/11/2023,AD-7397-D,Superstar,Footwear,Europe,Wholesale,3,84.74,0,254.22,79.44,42,Male,Credit Card,https://footdistrict.com/cdn/shop/files/sneakers-adidas-originals-superstar-eg4958-0.jpg
100016,5/12/2023,AD-9835-B,Training Cap,Accessories,North America,Retail,6,20.58,0,123.48,36.41,30,Female,UPI,https://res.cloudinary.com/dtc2q8arn/image/upload/v1723744392/Go%20Live%20images/Batch%203/IP2780/IP2780_1_HARDWARE_Photography_Front_Center_View_grey_jkmmpe.jpg
100511,9/14/2023,AD-5166-D,Sports Bottle,Accessories,North America,Online,2,17.02,0,34.04,15.97,25,Male,UPI,https://assets.adidas.com/images/w_940%2Cf_auto%2Cq_auto/dffb7992446842a98f73aa860118cfee_9366/FM9931_01_00_standard.jpg
100048,3/28/2024,AD-5649-C,Adilette Slides,Footwear,Asia-Pacific,Wholesale,2,36.24,0,72.48,24.55,16,Female,Debit Card,https://assets.adidas.com/images/w_600%2Cf_auto%2Cq_auto/69e60b96568f41ac8fa4afd3012d46e3_9366/Adilette_Aqua_Slides_Black_IF7371_01_standard.jpg
100191,5/29/2024,AD-6669-C,Ultraboost Light,Footwear,Europe,Online,3,157.69,0,473.07,148.44,23,Male,UPI,https://res.cloudinary.com/dtc2q8arn/image/upload/v1723747674/Go%20Live%20images/Batch%203/ID3316/ID3316_14_FOOTWEAR_Photography_HeroMrktng_View_3_uk3cpt.jpg
100546,6/22/2024,AD-1214-B,NMD_R1,Footwear,North America,Online,6,137.23,0,823.38,186.82,22,Female,Debit Card,https://assets.adidas.com/images/w_940%2Cf_auto%2Cq_auto/8563f8e2e30a4df4821eae1e002e3dc9_9366/GW5698_01_00_standard.jpg
100515,6/8/2025,AD-2168-A,Copa Sense,Footwear,Latin America,Online,5,158.09,0,790.45,262.02,23,Female,Apple Pay,https://res.cloudinary.com/dtc2q8arn/image/upload/v1727704399/Batch%204_5/GZ1370/GZ1370_1_FOOTWEAR_Photography_Side_Lateral_Center_View_grey_ooqo8x.jpg
100977,5/8/2024,AD-2728-D,Sports Bottle,Accessories,North America,Retail,2,14.39,20,23.02,10.47,30,Female,Debit Card,https://assets.adidas.com/images/w_940%2Cf_auto%2Cq_auto/dffb7992446842a98f73aa860118cfee_9366/FM9931_01_00_standard.jpg
100938,2/16/2024,AD-7045-A,Z.N.E. Hoodie,Apparel,North America,Online,4,118.34,10,426.02,110.94,25,Female,NetBanking,https://assets.adidas.com/images/w_940%2Cf_auto%2Cq_auto/513a21b39fd644cf83561016dfa26f68_9366/JE7537_21_model.jpg
100828,12/26/2024,AD-6482-B,Performance Socks (3-pack),Accessories,Europe,Outlet,3,19.97,0,59.91,15.22,23,Male,Cash,https://assets.adidas.com/images/w_940%2Cf_auto%2Cq_auto/717ff966f0854fe089472eb7a83debd8_9366/JC6446_03_standard_hover.jpg
100983,11/24/2023,AD-2746-D,Training Shorts,Apparel,Middle East & Africa,Online,2,31.96,0,63.92,12.04,25,Female,UPI,https://assets.adidas.com/images/w_600%2Cf_auto%2Cq_auto/14732790a86d43329cf8df8f1c77367e_9366/Designed_for_Training_Workout_Shorts_Black_IK9723_01_laydown.jpg
100480,7/12/2025,AD-8901-B,NMD_R1,Footwear,Latin America,Retail,2,126.51,0,253.02,65.92,26,Female,Debit Card,https://assets.adidas.com/images/w_940%2Cf_auto%2Cq_auto/8563f8e2e30a4df4821eae1e002e3dc9_9366/GW5698_01_00_standard.jpg
101128,5/8/2024,AD-8144-D,Adilette Slides,Footwear,Europe,Retail,2,34.69,0,69.38,19.8,29,Male,Google Pay,https://assets.adidas.com/images/w_600%2Cf_auto%2Cq_auto/69e60b96568f41ac8fa4afd3012d46e3_9366/Adilette_Aqua_Slides_Black_IF7371_01_standard.jpg
100283,10/30/2023,AD-6110-C,Originals Backpack,Accessories,North America,Outlet,2,66.06,0,132.12,38.5,50,Female,Cash,https://assets.adidas.com/images/w_940%2Cf_auto%2Cq_auto/6e58dbe12eed418ba809246a19b2bd7d_9366/IU0178_01_00_standard.jpg
101029,5/2/2023,AD-9222-D,Originals Backpack,Accessories,Europe,Retail,3,60.7,5,173,65.61,34,Male,Apple Pay,https://assets.adidas.com/images/w_940%2Cf_auto%2Cq_auto/6e58dbe12eed418ba809246a19b2bd7d_9366/IU0178_01_00_standard.jpg
100797,1/18/2024,AD-8861-D,Running Watch Strap,Accessories,North America,Online,4,40.64,0,162.56,27.91,22,Male,Google Pay,https://assets.adidas.com/images/w_940%2Cf_auto%2Cq_auto/bfdb966c006f4a02a9b6ad0e00a5b1b4_9366/Running_Strap_Black_HN5572_01_standard.jpg
100939,3/10/2023,AD-5127-A,Adilette Slides,Footwear,Asia-Pacific,Retail,5,35.06,5,166.53,51.25,33,Other,PayPal,https://assets.adidas.com/images/w_600%2Cf_auto%2Cq_auto/69e60b96568f41ac8fa4afd3012d46e3_9366/Adilette_Aqua_Slides_Black_IF7371_01_standard.jpg
100225,7/9/2023,AD-5374-C,Predator Freak,Footwear,Middle East & Africa,Online,2,233.61,5,443.86,130.18,28,Male,Google Pay,https://www.soccervillage.com/mm5/graphics/00000001/1/fy0610_g01.jpg
100026,6/8/2023,AD-1936-A,Adilette Slides,Footwear,Middle East & Africa,Retail,4,32.03,5,121.71,39.4,23,Male,Cash,https://assets.adidas.com/images/w_600%2Cf_auto%2Cq_auto/69e60b96568f41ac8fa4afd3012d46e3_9366/Adilette_Aqua_Slides_Black_IF7371_01_standard.jpg
100282,2/5/2024,AD-8909-A,Performance Socks (3-pack),Accessories,Asia-Pacific,Retail,2,15.96,0,31.92,6.6,17,Male,Credit Card,https://assets.adidas.com/images/w_940%2Cf_auto%2Cq_auto/717ff966f0854fe089472eb7a83debd8_9366/JC6446_03_standard_hover.jpg
101149,5/18/2025,AD-9412-B,Gym Bag,Accessories,North America,Outlet,1,40.53,10,36.48,14.82,25,Male,Google Pay,https://assets.adidas.com/images/w_600%2Cf_auto%2Cq_auto/d525201fecc84b71af1761f4e9cc371a_9366/Lounge_Duffel_Bag_Grey_JK5352_01_00_standard.jpg
100437,6/17/2025,AD-4275-C,Originals Backpack,Accessories,Europe,Online,7,54.13,0,378.91,96.08,26,Male,Credit Card,https://assets.adidas.com/images/w_940%2Cf_auto%2Cq_auto/6e58dbe12eed418ba809246a19b2bd7d_9366/IU0178_01_00_standard.jpg
101167,9/29/2023,AD-4122-A,Training Shorts,Apparel,Europe,Online,4,30.04,0,120.16,21.39,29,Other,NetBanking,https://assets.adidas.com/images/w_600%2Cf_auto%2Cq_auto/14732790a86d43329cf8df8f1c77367e_9366/Designed_for_Training_Workout_Shorts_Black_IK9723_01_laydown.jpg
100364,12/13/2023,AD-8113-B,NMD_R1,Footwear,Latin America,Retail,2,117.21,0,234.42,76.15,51,Male,PayPal,https://assets.adidas.com/images/w_940%2Cf_auto%2Cq_auto/8563f8e2e30a4df4821eae1e002e3dc9_9366/GW5698_01_00_standard.jpg
100229,2/14/2025,AD-9609-D,Sports Bottle,Accessories,Asia-Pacific,Retail,4,17.1,0,68.4,19.13,37,Female,Debit Card,https://assets.adidas.com/images/w_940%2Cf_auto%2Cq_auto/dffb7992446842a98f73aa860118cfee_9366/FM9931_01_00_standard.jpg
100037,1/9/2024,AD-3532-B,Ultraboost Light,Footwear,North America,Online,5,136.28,0,681.4,235.26,25,Male,Apple Pay,https://res.cloudinary.com/dtc2q8arn/image/upload/v1723747674/Go%20Live%20images/Batch%203/ID3316/ID3316_14_FOOTWEAR_Photography_HeroMrktng_View_3_uk3cpt.jpg
100669,1/28/2025,AD-8720-A,Running Watch Strap,Accessories,North America,Retail,1,36.09,20,28.87,6.52,30,Male,Credit Card,https://assets.adidas.com/images/w_940%2Cf_auto%2Cq_auto/bfdb966c006f4a02a9b6ad0e00a5b1b4_9366/Running_Strap_Black_HN5572_01_standard.jpg
100749,5/2/2024,AD-6779-C,Sports Bottle,Accessories,Europe,Online,1,14.24,0,14.24,3.99,25,Male,Apple Pay,https://assets.adidas.com/images/w_940%2Cf_auto%2Cq_auto/dffb7992446842a98f73aa860118cfee_9366/FM9931_01_00_standard.jpg
101180,10/4/2023,AD-1997-A,Stan Smith,Footwear,North America,Online,3,94.73,5,269.98,77.91,22,Male,Cash,https://assets.adidas.com/images/w_600%2Cf_auto%2Cq_auto/69721f2e7c934d909168a80e00818569_9366/Stan_Smith_Shoes_White_M20324_01_standard.jpg
100374,5/4/2025,AD-7510-C,NMD_R1,Footwear,Latin America,Outlet,7,123.33,40,517.99,166.58,23,Male,Apple Pay,https://assets.adidas.com/images/w_940%2Cf_auto%2Cq_auto/8563f8e2e30a4df4821eae1e002e3dc9_9366/GW5698_01_00_standard.jpg
100469,8/13/2023,AD-7358-D,Training Cap,Accessories,North America,Online,3,22.6,20,54.24,14.07,21,Female,Cash,https://res.cloudinary.com/dtc2q8arn/image/upload/v1723744392/Go%20Live%20images/Batch%203/IP2780/IP2780_1_HARDWARE_Photography_Front_Center_View_grey_jkmmpe.jpg
100882,9/8/2025,AD-8184-A,Z.N.E. Hoodie,Apparel,Asia-Pacific,Retail,1,137.98,0,137.98,46.73,35,Male,Debit Card,https://assets.adidas.com/images/w_940%2Cf_auto%2Cq_auto/513a21b39fd644cf83561016dfa26f68_9366/JE7537_21_model.jpg
101181,1/28/2025,AD-9115-B,Running Watch Strap,Accessories,Asia-Pacific,Online,1,36.37,0,36.37,9.79,24,Male,PayPal,https://assets.adidas.com/images/w_940%2Cf_auto%2Cq_auto/bfdb966c006f4a02a9b6ad0e00a5b1b4_9366/Running_Strap_Black_HN5572_01_standard.jpg
100687,3/19/2025,AD-9548-D,NMD_R1,Footwear,Asia-Pacific,Retail,1,138.73,0,138.73,44.9,37,Male,Apple Pay,https://assets.adidas.com/images/w_940%2Cf_auto%2Cq_auto/8563f8e2e30a4df4821eae1e002e3dc9_9366/GW5698_01_00_standard.jpg
100032,1/14/2024,AD-5905-A,Tiro 23 Track Pants,Apparel,Latin America,Retail,5,58.87,20,235.48,62.55,35,Female,Credit Card,https://assets.adidas.com/images/w_600%2Cf_auto%2Cq_auto/d02df6c17bf34147ae3faef5011f4841_9366/Tiro_23_League_Training_Pants_Black_HS7230_01_laydown.jpg
101010,4/11/2023,AD-3879-C,Primegreen Jacket,Apparel,North America,Wholesale,3,124.2,0,372.6,122.28,30,Female,Debit Card,"https://assets.adidas.com/images/c_fill,g_auto,w_1200,h_630,f_auto,q_auto/w_600,f_auto,q_auto/8d7b43159e2643c08d3fad250061730c_9366/Essentials_Warm-Up_3-Stripes_Track_Jacket_Black_H46099_01_laydown.jpg"
101175,5/19/2023,AD-9942-B,Originals Backpack,Accessories,Europe,Online,3,60.68,0,182.04,52.42,31,Female,Google Pay,https://assets.adidas.com/images/w_940%2Cf_auto%2Cq_auto/6e58dbe12eed418ba809246a19b2bd7d_9366/IU0178_01_00_standard.jpg
100194,3/25/2023,AD-1496-D,Ultraboost Light,Footwear,Asia-Pacific,Online,5,137.62,0,688.1,188.22,30,Male,Apple Pay,https://res.cloudinary.com/dtc2q8arn/image/upload/v1723747674/Go%20Live%20images/Batch%203/ID3316/ID3316_14_FOOTWEAR_Photography_HeroMrktng_View_3_uk3cpt.jpg
101105,4/6/2024,AD-7884-B,Predator Freak,Footwear,Asia-Pacific,Retail,4,193.24,0,772.96,233.34,38,Male,UPI,https://www.soccervillage.com/mm5/graphics/00000001/1/fy0610_g01.jpg
101113,3/11/2025,AD-4957-A,Adicolor Hoodie,Apparel,North America,Retail,4,57.04,0,228.16,80.92,47,Male,Apple Pay,https://assets.adidas.com/images/w_940%2Cf_auto%2Cq_auto/cb64f14e00914389b9790ba55a528715_9366/JW5965_21_model.jpg
101063,8/3/2025,AD-7967-B,Superstar,Footwear,Asia-Pacific,Online,3,95.36,0,286.08,61.27,19,Male,PayPal,https://footdistrict.com/cdn/shop/files/sneakers-adidas-originals-superstar-eg4958-0.jpg
100503,5/18/2025,AD-9041-B,Training Cap,Accessories,Europe,Outlet,4,23.08,5,87.7,22.7,28,Female,NetBanking,https://res.cloudinary.com/dtc2q8arn/image/upload/v1723744392/Go%20Live%20images/Batch%203/IP2780/IP2780_1_HARDWARE_Photography_Front_Center_View_grey_jkmmpe.jpg
100915,12/14/2023,AD-6342-A,Adicolor Hoodie,Apparel,Asia-Pacific,Online,2,67.34,5,127.95,29.9,42,Female,NetBanking,https://assets.adidas.com/images/w_940%2Cf_auto%2Cq_auto/cb64f14e00914389b9790ba55a528715_9366/JW5965_21_model.jpg
100976,3/26/2025,AD-8311-A,Superstar,Footwear,Asia-Pacific,Retail,4,93.67,5,355.95,113.89,32,Female,PayPal,https://footdistrict.com/cdn/shop/files/sneakers-adidas-originals-superstar-eg4958-0.jpg
101182,8/17/2023,AD-4288-A,Predator Freak,Footwear,Europe,Wholesale,1,235.5,5,223.72,66.04,37,Male,Google Pay,https://www.soccervillage.com/mm5/graphics/00000001/1/fy0610_g01.jpg
101087,6/24/2025,AD-8331-B,Adilette Slides,Footwear,Asia-Pacific,Retail,4,28.91,0,115.64,27.23,32,Male,Cash,https://assets.adidas.com/images/w_600%2Cf_auto%2Cq_auto/69e60b96568f41ac8fa4afd3012d46e3_9366/Adilette_Aqua_Slides_Black_IF7371_01_standard.jpg
100800,9/19/2023,AD-3669-D,Copa Sense,Footwear,Asia-Pacific,Online,3,142.61,20,342.26,84.2,19,Male,UPI,https://res.cloudinary.com/dtc2q8arn/image/upload/v1727704399/Batch%204_5/GZ1370/GZ1370_1_FOOTWEAR_Photography_Side_Lateral_Center_View_grey_ooqo8x.jpg
100579,11/2/2024,AD-4016-C,Running Watch Strap,Accessories,Europe,Retail,3,41.83,0,125.49,38.53,27,Female,Debit Card,https://assets.adidas.com/images/w_940%2Cf_auto%2Cq_auto/bfdb966c006f4a02a9b6ad0e00a5b1b4_9366/Running_Strap_Black_HN5572_01_standard.jpg
100160,2/25/2024,AD-4833-B,Training Shorts,Apparel,North America,Online,2,31.33,0,62.66,15.2,27,Male,Google Pay,https://assets.adidas.com/images/w_600%2Cf_auto%2Cq_auto/14732790a86d43329cf8df8f1c77367e_9366/Designed_for_Training_Workout_Shorts_Black_IK9723_01_laydown.jpg
100680,6/13/2023,AD-1709-A,Ultraboost Light,Footwear,Europe,Online,6,140.27,10,757.46,185.05,33,Male,Google Pay,https://res.cloudinary.com/dtc2q8arn/image/upload/v1723747674/Go%20Live%20images/Batch%203/ID3316/ID3316_14_FOOTWEAR_Photography_HeroMrktng_View_3_uk3cpt.jpg
101197,11/26/2024,AD-2409-A,Tiro 23 Track Pants,Apparel,Asia-Pacific,Online,4,48.9,20,156.48,41.41,19,Male,UPI,https://assets.adidas.com/images/w_600%2Cf_auto%2Cq_auto/d02df6c17bf34147ae3faef5011f4841_9366/Tiro_23_League_Training_Pants_Black_HS7230_01_laydown.jpg
100162,3/7/2025,AD-5096-A,Primegreen Jacket,Apparel,Europe,Online,3,142.27,0,426.81,80.69,27,Male,PayPal,"https://assets.adidas.com/images/c_fill,g_auto,w_1200,h_630,f_auto,q_auto/w_600,f_auto,q_auto/8d7b43159e2643c08d3fad250061730c_9366/Essentials_Warm-Up_3-Stripes_Track_Jacket_Black_H46099_01_laydown.jpg"
100821,1/10/2025,AD-3654-B,Primegreen Jacket,Apparel,Latin America,Retail,2,135.47,0,270.94,78.23,34,Female,Google Pay,"https://assets.adidas.com/images/c_fill,g_auto,w_1200,h_630,f_auto,q_auto/w_600,f_auto,q_auto/8d7b43159e2643c08d3fad250061730c_9366/Essentials_Warm-Up_3-Stripes_Track_Jacket_Black_H46099_01_laydown.jpg"
100705,6/1/2023,AD-3986-B,Training Shorts,Apparel,Middle East & Africa,Retail,4,29.28,5,111.26,24.1,21,Male,NetBanking,https://assets.adidas.com/images/w_600%2Cf_auto%2Cq_auto/14732790a86d43329cf8df8f1c77367e_9366/Designed_for_Training_Workout_Shorts_Black_IK9723_01_laydown.jpg
101008,11/20/2023,AD-9984-D,Originals Backpack,Accessories,Middle East & Africa,Online,4,66.48,5,252.62,56.62,19,Male,Debit Card,https://assets.adidas.com/images/w_940%2Cf_auto%2Cq_auto/6e58dbe12eed418ba809246a19b2bd7d_9366/IU0178_01_00_standard.jpg
100877,9/20/2025,AD-1849-C,Sports Bottle,Accessories,Asia-Pacific,Outlet,2,13.07,0,26.14,6.3,20,Male,Apple Pay,https://assets.adidas.com/images/w_940%2Cf_auto%2Cq_auto/dffb7992446842a98f73aa860118cfee_9366/FM9931_01_00_standard.jpg
100895,7/8/2023,AD-8215-B,Ultraboost 22,Footwear,North America,Online,3,175.6,5,500.46,131.79,27,Male,NetBanking,https://justfreshkicks.com/wp-content/uploads/2021/12/adidas-Ultra-Boost-2022-Triple-White-GX5459-Release-Date-Price.jpeg
100913,3/21/2025,AD-8187-D,Superstar,Footwear,North America,Retail,2,99.67,5,189.37,61.03,23,Female,UPI,https://footdistrict.com/cdn/shop/files/sneakers-adidas-originals-superstar-eg4958-0.jpg
101198,10/6/2024,AD-9955-A,Stan Smith,Footwear,Asia-Pacific,Outlet,3,93.55,20,224.52,71.14,33,Male,Apple Pay,https://assets.adidas.com/images/w_600%2Cf_auto%2Cq_auto/69721f2e7c934d909168a80e00818569_9366/Stan_Smith_Shoes_White_M20324_01_standard.jpg
100152,2/10/2023,AD-7108-C,Adicolor Hoodie,Apparel,Middle East & Africa,Retail,1,77.03,0,77.03,17.43,33,Female,Cash,https://assets.adidas.com/images/w_940%2Cf_auto%2Cq_auto/cb64f14e00914389b9790ba55a528715_9366/JW5965_21_model.jpg
100978,1/2/2025,AD-5220-D,Ultraboost 22,Footwear,Latin America,Outlet,4,176.76,20,565.63,143.42,34,Female,UPI,https://justfreshkicks.com/wp-content/uploads/2021/12/adidas-Ultra-Boost-2022-Triple-White-GX5459-Release-Date-Price.jpeg
101002,1/8/2024,AD-9510-C,Sports Bottle,Accessories,Middle East & Africa,Retail,2,16.53,20,26.45,9.09,27,Male,Credit Card,https://assets.adidas.com/images/w_940%2Cf_auto%2Cq_auto/dffb7992446842a98f73aa860118cfee_9366/FM9931_01_00_standard.jpg
100509,4/3/2025,AD-8749-A,Adicolor Hoodie,Apparel,Latin America,Online,4,67.17,0,268.68,106.87,30,Female,PayPal,https://assets.adidas.com/images/w_940%2Cf_auto%2Cq_auto/cb64f14e00914389b9790ba55a528715_9366/JW5965_21_model.jpg
100111,7/25/2023,AD-3695-C,Predator Freak,Footwear,Latin America,Online,3,249.51,0,748.53,257.96,30,Male,NetBanking,https://www.soccervillage.com/mm5/graphics/00000001/1/fy0610_g01.jpg
100226,11/6/2023,AD-2936-D,Running Watch Strap,Accessories,North America,Retail,3,36.9,0,110.7,40.8,17,Female,Credit Card,https://assets.adidas.com/images/w_940%2Cf_auto%2Cq_auto/bfdb966c006f4a02a9b6ad0e00a5b1b4_9366/Running_Strap_Black_HN5572_01_standard.jpg
100985,5/31/2023,AD-6245-C,NMD_R1,Footwear,Asia-Pacific,Outlet,5,121.9,5,579.02,163.2,23,Female,Credit Card,https://assets.adidas.com/images/w_940%2Cf_auto%2Cq_auto/8563f8e2e30a4df4821eae1e002e3dc9_9366/GW5698_01_00_standard.jpg
100851,2/18/2025,AD-7344-B,Performance Socks (3-pack),Accessories,North America,Retail,3,18.13,0,54.39,11.02,25,Male,Apple Pay,https://assets.adidas.com/images/w_940%2Cf_auto%2Cq_auto/717ff966f0854fe089472eb7a83debd8_9366/JC6446_03_standard_hover.jpg
100103,1/19/2024,AD-3868-A,Originals Backpack,Accessories,Europe,Retail,3,55.66,10,150.28,78.88,17,Female,PayPal,https://assets.adidas.com/images/w_940%2Cf_auto%2Cq_auto/6e58dbe12eed418ba809246a19b2bd7d_9366/IU0178_01_00_standard.jpg
100421,11/10/2024,AD-3571-D,Primegreen Jacket,Apparel,Asia-Pacific,Outlet,3,122.31,10,330.24,92.75,22,Female,Credit Card,"https://assets.adidas.com/images/c_fill,g_auto,w_1200,h_630,f_auto,q_auto/w_600,f_auto,q_auto/8d7b43159e2643c08d3fad250061730c_9366/Essentials_Warm-Up_3-Stripes_Track_Jacket_Black_H46099_01_laydown.jpg"
100419,5/9/2024,AD-1202-B,Training Cap,Accessories,Europe,Online,3,21.88,10,59.08,16.36,17,Male,Cash,https://res.cloudinary.com/dtc2q8arn/image/upload/v1723744392/Go%20Live%20images/Batch%203/IP2780/IP2780_1_HARDWARE_Photography_Front_Center_View_grey_jkmmpe.jpg
100624,5/14/2024,AD-6711-B,Ultraboost 22,Footwear,North America,Retail,1,190.17,10,171.15,49.27,27,Female,NetBanking,https://justfreshkicks.com/wp-content/uploads/2021/12/adidas-Ultra-Boost-2022-Triple-White-GX5459-Release-Date-Price.jpeg
100586,6/17/2024,AD-1643-D,Stan Smith,Footwear,Asia-Pacific,Online,3,85.28,5,243.05,78.3,28,Other,Apple Pay,https://assets.adidas.com/images/w_600%2Cf_auto%2Cq_auto/69721f2e7c934d909168a80e00818569_9366/Stan_Smith_Shoes_White_M20324_01_standard.jpg
101060,7/11/2024,AD-1393-B,Tiro 23 Track Pants,Apparel,Latin America,Online,3,58.05,10,156.73,50.62,30,Male,UPI,https://assets.adidas.com/images/w_600%2Cf_auto%2Cq_auto/d02df6c17bf34147ae3faef5011f4841_9366/Tiro_23_League_Training_Pants_Black_HS7230_01_laydown.jpg
100919,3/13/2023,AD-7039-A,Primegreen Jacket,Apparel,North America,Retail,2,123.75,5,235.12,53.12,34,Male,Credit Card,"https://assets.adidas.com/images/c_fill,g_auto,w_1200,h_630,f_auto,q_auto/w_600,f_auto,q_auto/8d7b43159e2643c08d3fad250061730c_9366/Essentials_Warm-Up_3-Stripes_Track_Jacket_Black_H46099_01_laydown.jpg"
100672,3/12/2024,AD-6268-B,Z.N.E. Hoodie,Apparel,Middle East & Africa,Retail,6,132.09,0,792.54,276.43,32,Male,PayPal,https://assets.adidas.com/images/w_940%2Cf_auto%2Cq_auto/513a21b39fd644cf83561016dfa26f68_9366/JE7537_21_model.jpg
100119,3/31/2024,AD-1992-D,Adicolor Hoodie,Apparel,North America,Retail,5,77.53,0,387.65,167.59,34,Male,Cash,https://assets.adidas.com/images/w_940%2Cf_auto%2Cq_auto/cb64f14e00914389b9790ba55a528715_9366/JW5965_21_model.jpg
100053,4/30/2025,AD-5543-D,Sports Bottle,Accessories,North America,Outlet,4,15.09,5,57.34,16.97,31,Male,UPI,https://assets.adidas.com/images/w_940%2Cf_auto%2Cq_auto/dffb7992446842a98f73aa860118cfee_9366/FM9931_01_00_standard.jpg
100151,5/28/2024,AD-9266-B,Predator Freak,Footwear,Europe,Outlet,1,228.82,0,228.82,71.19,26,Female,Debit Card,https://www.soccervillage.com/mm5/graphics/00000001/1/fy0610_g01.jpg
100403,10/3/2024,AD-3736-A,Adicolor Hoodie,Apparel,Latin America,Online,3,62.43,20,149.83,43.51,31,Male,NetBanking,https://assets.adidas.com/images/w_940%2Cf_auto%2Cq_auto/cb64f14e00914389b9790ba55a528715_9366/JW5965_21_model.jpg
101188,4/13/2025,AD-1558-D,Originals Backpack,Accessories,North America,Online,1,53.84,10,48.46,18.42,29,Male,NetBanking,https://assets.adidas.com/images/w_940%2Cf_auto%2Cq_auto/6e58dbe12eed418ba809246a19b2bd7d_9366/IU0178_01_00_standard.jpg
100207,12/26/2024,AD-6040-A,Running Watch Strap,Accessories,Asia-Pacific,Online,1,38.24,5,36.33,13.84,30,Female,Apple Pay,https://assets.adidas.com/images/w_940%2Cf_auto%2Cq_auto/bfdb966c006f4a02a9b6ad0e00a5b1b4_9366/Running_Strap_Black_HN5572_01_standard.jpg
101134,5/29/2023,AD-6268-B,Z.N.E. Hoodie,Apparel,Europe,Online,3,145.36,10,392.47,123.98,48,Male,Google Pay,https://assets.adidas.com/images/w_940%2Cf_auto%2Cq_auto/513a21b39fd644cf83561016dfa26f68_9366/JE7537_21_model.jpg
100658,9/22/2023,AD-3923-D,Essentials Tee,Apparel,North America,Wholesale,2,25.8,20,41.28,9.51,40,Male,Apple Pay,https://shop.simon.com/cdn/shop/files/3f84ca8be8d64d3fb9b66db4a3b02046.jpg
101096,4/24/2024,AD-8096-B,Sports Bottle,Accessories,Europe,Online,2,12.76,0,25.52,9.16,22,Female,Apple Pay,https://assets.adidas.com/images/w_940%2Cf_auto%2Cq_auto/dffb7992446842a98f73aa860118cfee_9366/FM9931_01_00_standard.jpg
100232,4/8/2025,AD-6049-A,Ultraboost Light,Footwear,Europe,Retail,1,147.78,5,140.39,41.21,39,Male,Google Pay,https://res.cloudinary.com/dtc2q8arn/image/upload/v1723747674/Go%20Live%20images/Batch%203/ID3316/ID3316_14_FOOTWEAR_Photography_HeroMrktng_View_3_uk3cpt.jpg
100008,4/21/2025,AD-4483-D,Ultraboost Light,Footwear,Europe,Online,2,152.62,0,305.24,105.03,21,Female,Cash,https://res.cloudinary.com/dtc2q8arn/image/upload/v1723747674/Go%20Live%20images/Batch%203/ID3316/ID3316_14_FOOTWEAR_Photography_HeroMrktng_View_3_uk3cpt.jpg
100159,9/3/2024,AD-8170-A,Primegreen Jacket,Apparel,North America,Retail,3,145.52,20,349.25,86.95,25,Female,PayPal,"https://assets.adidas.com/images/c_fill,g_auto,w_1200,h_630,f_auto,q_auto/w_600,f_auto,q_auto/8d7b43159e2643c08d3fad250061730c_9366/Essentials_Warm-Up_3-Stripes_Track_Jacket_Black_H46099_01_laydown.jpg"
100036,3/19/2023,AD-1685-C,Predator Freak,Footwear,Latin America,Retail,4,223.77,0,895.08,212.77,30,Male,PayPal,https://www.soccervillage.com/mm5/graphics/00000001/1/fy0610_g01.jpg
100452,7/2/2023,AD-8391-D,Essentials Tee,Apparel,Asia-Pacific,Online,1,22.4,0,22.4,7.39,39,Male,Apple Pay,https://shop.simon.com/cdn/shop/files/3f84ca8be8d64d3fb9b66db4a3b02046.jpg
100651,9/11/2025,AD-5466-C,Gym Bag,Accessories,North America,Outlet,5,45.43,0,227.15,90.51,16,Female,Apple Pay,https://assets.adidas.com/images/w_600%2Cf_auto%2Cq_auto/d525201fecc84b71af1761f4e9cc371a_9366/Lounge_Duffel_Bag_Grey_JK5352_01_00_standard.jpg
100253,9/16/2025,AD-4015-A,Training Cap,Accessories,Asia-Pacific,Online,1,21.28,5,20.22,5.8,27,Male,Google Pay,https://res.cloudinary.com/dtc2q8arn/image/upload/v1723744392/Go%20Live%20images/Batch%203/IP2780/IP2780_1_HARDWARE_Photography_Front_Center_View_grey_jkmmpe.jpg
100303,4/7/2024,AD-7046-D,Superstar,Footwear,Latin America,Online,4,110.28,0,441.12,163.15,30,Male,NetBanking,https://footdistrict.com/cdn/shop/files/sneakers-adidas-originals-superstar-eg4958-0.jpg
100896,10/8/2024,AD-3853-B,Running Watch Strap,Accessories,Europe,Wholesale,3,37.17,0,111.51,32.73,33,Male,NetBanking,https://assets.adidas.com/images/w_940%2Cf_auto%2Cq_auto/bfdb966c006f4a02a9b6ad0e00a5b1b4_9366/Running_Strap_Black_HN5572_01_standard.jpg
101048,2/16/2023,AD-5430-A,Sports Bottle,Accessories,North America,Online,2,15.14,20,24.22,8.77,28,Female,PayPal,https://assets.adidas.com/images/w_940%2Cf_auto%2Cq_auto/dffb7992446842a98f73aa860118cfee_9366/FM9931_01_00_standard.jpg
100880,9/7/2025,AD-1456-D,Superstar,Footwear,North America,Online,5,99.39,0,496.95,145.89,33,Male,Debit Card,https://footdistrict.com/cdn/shop/files/sneakers-adidas-originals-superstar-eg4958-0.jpg
100571,2/2/2024,AD-7332-B,Essentials Tee,Apparel,Latin America,Online,2,24.21,0,48.42,13.29,25,Male,NetBanking,https://shop.simon.com/cdn/shop/files/3f84ca8be8d64d3fb9b66db4a3b02046.jpg
100623,5/28/2023,AD-6320-D,NMD_R1,Footwear,Europe,Online,3,144.21,40,259.58,84.4,44,Female,Cash,https://assets.adidas.com/images/w_940%2Cf_auto%2Cq_auto/8563f8e2e30a4df4821eae1e002e3dc9_9366/GW5698_01_00_standard.jpg
101144,8/5/2025,AD-8320-A,Predator Freak,Footwear,North America,Online,3,228.98,0,686.94,181.13,34,Male,Apple Pay,https://www.soccervillage.com/mm5/graphics/00000001/1/fy0610_g01.jpg
101030,5/15/2023,AD-4874-A,Stan Smith,Footwear,Asia-Pacific,Online,5,86.12,0,430.6,99.43,20,Male,Credit Card,https://assets.adidas.com/images/w_600%2Cf_auto%2Cq_auto/69721f2e7c934d909168a80e00818569_9366/Stan_Smith_Shoes_White_M20324_01_standard.jpg
101145,6/18/2024,AD-4700-A,Gym Bag,Accessories,Europe,Retail,3,42.38,20,101.71,28.14,33,Male,Google Pay,https://assets.adidas.com/images/w_600%2Cf_auto%2Cq_auto/d525201fecc84b71af1761f4e9cc371a_9366/Lounge_Duffel_Bag_Grey_JK5352_01_00_standard.jpg
100262,1/17/2023,AD-5903-B,Adilette Slides,Footwear,Asia-Pacific,Retail,5,41.04,0,205.2,55.35,20,Male,Debit Card,https://assets.adidas.com/images/w_600%2Cf_auto%2Cq_auto/69e60b96568f41ac8fa4afd3012d46e3_9366/Adilette_Aqua_Slides_Black_IF7371_01_standard.jpg
100610,10/15/2023,AD-4070-A,Ultraboost 22,Footwear,Europe,Retail,3,189.4,5,539.79,131.23,22,Male,Apple Pay,https://justfreshkicks.com/wp-content/uploads/2021/12/adidas-Ultra-Boost-2022-Triple-White-GX5459-Release-Date-Price.jpeg
100297,7/9/2024,AD-5877-A,Ultraboost Light,Footwear,Europe,Online,2,156.19,0,312.38,69.31,25,Male,UPI,https://res.cloudinary.com/dtc2q8arn/image/upload/v1723747674/Go%20Live%20images/Batch%203/ID3316/ID3316_14_FOOTWEAR_Photography_HeroMrktng_View_3_uk3cpt.jpg
100989,12/12/2023,AD-5626-B,Originals Backpack,Accessories,Middle East & Africa,Retail,6,63.16,0,378.96,109,37,Male,NetBanking,https://assets.adidas.com/images/w_940%2Cf_auto%2Cq_auto/6e58dbe12eed418ba809246a19b2bd7d_9366/IU0178_01_00_standard.jpg
100414,4/13/2023,AD-2898-A,Copa Sense,Footwear,Latin America,Online,4,162.08,0,648.32,195.84,30,Female,Apple Pay,https://res.cloudinary.com/dtc2q8arn/image/upload/v1727704399/Batch%204_5/GZ1370/GZ1370_1_FOOTWEAR_Photography_Side_Lateral_Center_View_grey_ooqo8x.jpg
100150,4/18/2024,AD-6267-D,Running Watch Strap,Accessories,Asia-Pacific,Outlet,5,39.87,0,199.35,75.3,18,Male,UPI,https://assets.adidas.com/images/w_940%2Cf_auto%2Cq_auto/bfdb966c006f4a02a9b6ad0e00a5b1b4_9366/Running_Strap_Black_HN5572_01_standard.jpg
100945,10/12/2023,AD-1388-B,Z.N.E. Hoodie,Apparel,Asia-Pacific,Retail,5,112.2,0,561,134.72,16,Female,NetBanking,https://assets.adidas.com/images/w_940%2Cf_auto%2Cq_auto/513a21b39fd644cf83561016dfa26f68_9366/JE7537_21_model.jpg
100472,12/28/2023,AD-8207-B,Training Shorts,Apparel,Europe,Retail,3,29.45,5,83.93,19.21,33,Male,PayPal,https://assets.adidas.com/images/w_600%2Cf_auto%2Cq_auto/14732790a86d43329cf8df8f1c77367e_9366/Designed_for_Training_Workout_Shorts_Black_IK9723_01_laydown.jpg
100952,3/13/2024,AD-5215-D,Superstar,Footwear,Latin America,Retail,4,95.66,0,382.64,106.68,39,Male,PayPal,https://footdistrict.com/cdn/shop/files/sneakers-adidas-originals-superstar-eg4958-0.jpg
100987,12/22/2024,AD-1861-B,Primegreen Jacket,Apparel,Asia-Pacific,Online,4,148.11,10,533.2,136.19,36,Female,UPI,"https://assets.adidas.com/images/c_fill,g_auto,w_1200,h_630,f_auto,q_auto/w_600,f_auto,q_auto/8d7b43159e2643c08d3fad250061730c_9366/Essentials_Warm-Up_3-Stripes_Track_Jacket_Black_H46099_01_laydown.jpg"
100778,4/7/2024,AD-5616-B,Training Cap,Accessories,North America,Online,3,21.53,0,64.59,13.01,26,Female,Cash,https://res.cloudinary.com/dtc2q8arn/image/upload/v1723744392/Go%20Live%20images/Batch%203/IP2780/IP2780_1_HARDWARE_Photography_Front_Center_View_grey_jkmmpe.jpg
100640,4/26/2023,AD-8617-A,Running Watch Strap,Accessories,Asia-Pacific,Online,4,38.24,5,145.31,46.46,25,Female,NetBanking,https://assets.adidas.com/images/w_940%2Cf_auto%2Cq_auto/bfdb966c006f4a02a9b6ad0e00a5b1b4_9366/Running_Strap_Black_HN5572_01_standard.jpg
101189,2/13/2023,AD-6861-B,Training Shorts,Apparel,Europe,Retail,3,30.2,0,90.6,23.02,44,Male,PayPal,https://assets.adidas.com/images/w_600%2Cf_auto%2Cq_auto/14732790a86d43329cf8df8f1c77367e_9366/Designed_for_Training_Workout_Shorts_Black_IK9723_01_laydown.jpg
101142,6/1/2025,AD-1860-C,Originals Backpack,Accessories,North America,Retail,3,63.38,20,152.11,48.89,31,Female,Credit Card,https://assets.adidas.com/images/w_940%2Cf_auto%2Cq_auto/6e58dbe12eed418ba809246a19b2bd7d_9366/IU0178_01_00_standard.jpg
100550,2/3/2025,AD-2705-B,Stan Smith,Footwear,Asia-Pacific,Retail,3,87.2,0,261.6,63.47,16,Female,Apple Pay,https://assets.adidas.com/images/w_600%2Cf_auto%2Cq_auto/69721f2e7c934d909168a80e00818569_9366/Stan_Smith_Shoes_White_M20324_01_standard.jpg
100639,12/30/2024,AD-8917-C,Gym Bag,Accessories,Latin America,Retail,1,48.04,40,28.82,13.53,23,Male,Credit Card,https://assets.adidas.com/images/w_600%2Cf_auto%2Cq_auto/d525201fecc84b71af1761f4e9cc371a_9366/Lounge_Duffel_Bag_Grey_JK5352_01_00_standard.jpg
100935,7/24/2023,AD-4613-A,Superstar,Footwear,North America,Online,1,76.73,10,69.06,23.17,54,Female,Debit Card,https://footdistrict.com/cdn/shop/files/sneakers-adidas-originals-superstar-eg4958-0.jpg
100928,2/24/2024,AD-7244-C,Performance Socks (3-pack),Accessories,North America,Online,3,18.35,20,44.04,18.4,38,Male,Google Pay,https://assets.adidas.com/images/w_940%2Cf_auto%2Cq_auto/717ff966f0854fe089472eb7a83debd8_9366/JC6446_03_standard_hover.jpg
100488,3/12/2025,AD-3633-D,Copa Sense,Footwear,Europe,Retail,1,143.94,10,129.55,29.34,25,Female,Credit Card,https://res.cloudinary.com/dtc2q8arn/image/upload/v1727704399/Batch%204_5/GZ1370/GZ1370_1_FOOTWEAR_Photography_Side_Lateral_Center_View_grey_ooqo8x.jpg
100819,5/21/2024,AD-4149-D,NMD_R1,Footwear,Europe,Retail,2,140.96,0,281.92,97.1,32,Male,NetBanking,https://assets.adidas.com/images/w_940%2Cf_auto%2Cq_auto/8563f8e2e30a4df4821eae1e002e3dc9_9366/GW5698_01_00_standard.jpg
100710,12/13/2023,AD-1406-D,Stan Smith,Footwear,Latin America,Online,2,75.56,0,151.12,33.24,22,Female,NetBanking,https://assets.adidas.com/images/w_600%2Cf_auto%2Cq_auto/69721f2e7c934d909168a80e00818569_9366/Stan_Smith_Shoes_White_M20324_01_standard.jpg
101080,10/30/2024,AD-5422-A,Primegreen Jacket,Apparel,North America,Outlet,2,118.66,0,237.32,70.12,24,Female,UPI,"https://assets.adidas.com/images/c_fill,g_auto,w_1200,h_630,f_auto,q_auto/w_600,f_auto,q_auto/8d7b43159e2643c08d3fad250061730c_9366/Essentials_Warm-Up_3-Stripes_Track_Jacket_Black_H46099_01_laydown.jpg"
100147,4/20/2024,AD-6179-B,Running Watch Strap,Accessories,Europe,Wholesale,2,41.99,0,83.98,29.95,34,Female,Cash,https://assets.adidas.com/images/w_940%2Cf_auto%2Cq_auto/bfdb966c006f4a02a9b6ad0e00a5b1b4_9366/Running_Strap_Black_HN5572_01_standard.jpg
100146,8/30/2023,AD-3902-D,Stan Smith,Footwear,North America,Retail,3,77.6,10,209.52,72.59,29,Female,Debit Card,https://assets.adidas.com/images/w_600%2Cf_auto%2Cq_auto/69721f2e7c934d909168a80e00818569_9366/Stan_Smith_Shoes_White_M20324_01_standard.jpg
101174,7/31/2025,AD-4268-C,Tiro 23 Track Pants,Apparel,North America,Online,2,53.3,0,106.6,22.83,32,Female,PayPal,https://assets.adidas.com/images/w_600%2Cf_auto%2Cq_auto/d02df6c17bf34147ae3faef5011f4841_9366/Tiro_23_League_Training_Pants_Black_HS7230_01_laydown.jpg
100962,10/13/2024,AD-6047-A,Running Watch Strap,Accessories,Europe,Online,5,38.92,0,194.6,66.1,33,Female,Apple Pay,https://assets.adidas.com/images/w_940%2Cf_auto%2Cq_auto/bfdb966c006f4a02a9b6ad0e00a5b1b4_9366/Running_Strap_Black_HN5572_01_standard.jpg
100345,1/27/2024,AD-1567-B,Originals Backpack,Accessories,North America,Online,1,57.64,20,46.11,14.49,24,Male,PayPal,https://assets.adidas.com/images/w_940%2Cf_auto%2Cq_auto/6e58dbe12eed418ba809246a19b2bd7d_9366/IU0178_01_00_standard.jpg
100402,2/8/2023,AD-1293-A,Sports Bottle,Accessories,Europe,Online,2,12.41,20,19.86,6.91,37,Male,UPI,https://assets.adidas.com/images/w_940%2Cf_auto%2Cq_auto/dffb7992446842a98f73aa860118cfee_9366/FM9931_01_00_standard.jpg
100931,5/11/2025,AD-3759-A,Copa Sense,Footwear,North America,Online,4,174.33,20,557.86,139.23,16,Male,Apple Pay,https://res.cloudinary.com/dtc2q8arn/image/upload/v1727704399/Batch%204_5/GZ1370/GZ1370_1_FOOTWEAR_Photography_Side_Lateral_Center_View_grey_ooqo8x.jpg
100954,6/8/2023,AD-7812-D,Adilette Slides,Footwear,Latin America,Retail,2,33.6,10,60.48,17.83,32,Male,Apple Pay,https://assets.adidas.com/images/w_600%2Cf_auto%2Cq_auto/69e60b96568f41ac8fa4afd3012d46e3_9366/Adilette_Aqua_Slides_Black_IF7371_01_standard.jpg
101124,1/20/2024,AD-1515-A,Z.N.E. Hoodie,Apparel,Europe,Online,4,122.95,0,491.8,101.2,18,Male,PayPal,https://assets.adidas.com/images/w_940%2Cf_auto%2Cq_auto/513a21b39fd644cf83561016dfa26f68_9366/JE7537_21_model.jpg
100659,4/22/2023,AD-5243-A,Predator Freak,Footwear,Europe,Retail,3,199.43,0,598.29,224.28,44,Male,Google Pay,https://www.soccervillage.com/mm5/graphics/00000001/1/fy0610_g01.jpg
100463,11/26/2024,AD-3879-A,Z.N.E. Hoodie,Apparel,Europe,Online,3,117.99,0,353.97,116.32,27,Male,Debit Card,https://assets.adidas.com/images/w_940%2Cf_auto%2Cq_auto/513a21b39fd644cf83561016dfa26f68_9366/JE7537_21_model.jpg
100186,5/23/2025,AD-6692-A,Superstar,Footwear,Latin America,Online,4,82.96,5,315.25,106.56,22,Male,Cash,https://footdistrict.com/cdn/shop/files/sneakers-adidas-originals-superstar-eg4958-0.jpg
100608,10/4/2024,AD-1917-C,Performance Socks (3-pack),Accessories,Europe,Online,2,18.9,0,37.8,11.84,22,Female,Apple Pay,https://assets.adidas.com/images/w_940%2Cf_auto%2Cq_auto/717ff966f0854fe089472eb7a83debd8_9366/JC6446_03_standard_hover.jpg
100143,10/24/2023,AD-6928-A,Stan Smith,Footwear,Middle East & Africa,Online,4,102.9,5,391.02,106.05,30,Female,Google Pay,https://assets.adidas.com/images/w_600%2Cf_auto%2Cq_auto/69721f2e7c934d909168a80e00818569_9366/Stan_Smith_Shoes_White_M20324_01_standard.jpg
100751,4/10/2023,AD-4844-C,Originals Backpack,Accessories,Europe,Online,1,60.95,5,57.9,23.88,28,Female,UPI,https://assets.adidas.com/images/w_940%2Cf_auto%2Cq_auto/6e58dbe12eed418ba809246a19b2bd7d_9366/IU0178_01_00_standard.jpg
100981,9/23/2023,AD-2902-C,Stan Smith,Footwear,North America,Online,4,82.89,5,314.98,108.31,28,Female,UPI,https://assets.adidas.com/images/w_600%2Cf_auto%2Cq_auto/69721f2e7c934d909168a80e00818569_9366/Stan_Smith_Shoes_White_M20324_01_standard.jpg
100197,1/21/2025,AD-4960-D,Training Shorts,Apparel,North America,Online,4,32.51,0,130.04,35.06,37,Female,Cash,https://assets.adidas.com/images/w_600%2Cf_auto%2Cq_auto/14732790a86d43329cf8df8f1c77367e_9366/Designed_for_Training_Workout_Shorts_Black_IK9723_01_laydown.jpg
100883,10/2/2024,AD-2065-B,Performance Socks (3-pack),Accessories,North America,Online,3,18.16,0,54.48,10.23,46,Male,Cash,https://assets.adidas.com/images/w_940%2Cf_auto%2Cq_auto/717ff966f0854fe089472eb7a83debd8_9366/JC6446_03_standard_hover.jpg
100279,8/19/2024,AD-6890-A,Primegreen Jacket,Apparel,Latin America,Outlet,2,133.17,0,266.34,62.03,35,Male,Credit Card,"https://assets.adidas.com/images/c_fill,g_auto,w_1200,h_630,f_auto,q_auto/w_600,f_auto,q_auto/8d7b43159e2643c08d3fad250061730c_9366/Essentials_Warm-Up_3-Stripes_Track_Jacket_Black_H46099_01_laydown.jpg"
100293,10/23/2023,AD-8939-B,Predator Freak,Footwear,Latin America,Retail,4,225.31,20,720.99,212.69,28,Female,Credit Card,https://www.soccervillage.com/mm5/graphics/00000001/1/fy0610_g01.jpg
101088,12/14/2023,AD-4917-B,Tiro 23 Track Pants,Apparel,Latin America,Online,2,56.29,5,106.95,34.26,22,Female,Apple Pay,https://assets.adidas.com/images/w_600%2Cf_auto%2Cq_auto/d02df6c17bf34147ae3faef5011f4841_9366/Tiro_23_League_Training_Pants_Black_HS7230_01_laydown.jpg
100400,12/7/2023,AD-3595-D,Copa Sense,Footwear,North America,Retail,1,165.61,5,157.33,47.35,28,Male,PayPal,https://res.cloudinary.com/dtc2q8arn/image/upload/v1727704399/Batch%204_5/GZ1370/GZ1370_1_FOOTWEAR_Photography_Side_Lateral_Center_View_grey_ooqo8x.jpg
100122,12/3/2023,AD-9850-C,Predator Freak,Footwear,Asia-Pacific,Online,2,215.43,0,430.86,96.88,16,Other,PayPal,https://www.soccervillage.com/mm5/graphics/00000001/1/fy0610_g01.jpg
100202,5/18/2023,AD-6939-C,Essentials Tee,Apparel,Asia-Pacific,Online,3,25.75,0,77.25,21.23,26,Male,UPI,https://shop.simon.com/cdn/shop/files/3f84ca8be8d64d3fb9b66db4a3b02046.jpg
100835,4/26/2025,AD-9919-D,Essentials Tee,Apparel,Asia-Pacific,Online,1,26.32,0,26.32,8.55,41,Male,UPI,https://shop.simon.com/cdn/shop/files/3f84ca8be8d64d3fb9b66db4a3b02046.jpg
100246,8/2/2025,AD-7179-A,Performance Socks (3-pack),Accessories,North America,Retail,2,18.82,0,37.64,14,20,Male,NetBanking,https://assets.adidas.com/images/w_940%2Cf_auto%2Cq_auto/717ff966f0854fe089472eb7a83debd8_9366/JC6446_03_standard_hover.jpg
101139,12/12/2023,AD-6196-C,Ultraboost 22,Footwear,North America,Outlet,4,173.14,10,623.3,146.57,24,Female,NetBanking,https://justfreshkicks.com/wp-content/uploads/2021/12/adidas-Ultra-Boost-2022-Triple-White-GX5459-Release-Date-Price.jpeg
100384,10/8/2023,AD-4963-C,Training Shorts,Apparel,Europe,Retail,1,28.03,0,28.03,9.73,24,Male,Credit Card,https://assets.adidas.com/images/w_600%2Cf_auto%2Cq_auto/14732790a86d43329cf8df8f1c77367e_9366/Designed_for_Training_Workout_Shorts_Black_IK9723_01_laydown.jpg
100854,9/5/2025,AD-9235-A,NMD_R1,Footwear,Asia-Pacific,Wholesale,3,132.89,0,398.67,113.52,22,Male,Google Pay,https://assets.adidas.com/images/w_940%2Cf_auto%2Cq_auto/8563f8e2e30a4df4821eae1e002e3dc9_9366/GW5698_01_00_standard.jpg
100219,5/3/2024,AD-4804-A,Adilette Slides,Footwear,North America,Online,3,37.83,0,113.49,34.38,39,Male,Debit Card,https://assets.adidas.com/images/w_600%2Cf_auto%2Cq_auto/69e60b96568f41ac8fa4afd3012d46e3_9366/Adilette_Aqua_Slides_Black_IF7371_01_standard.jpg
100641,6/19/2024,AD-9834-C,NMD_R1,Footwear,Europe,Retail,5,129.2,10,581.4,211.31,31,Female,Debit Card,https://assets.adidas.com/images/w_940%2Cf_auto%2Cq_auto/8563f8e2e30a4df4821eae1e002e3dc9_9366/GW5698_01_00_standard.jpg
100001,1/31/2023,AD-4611-D,Superstar,Footwear,Europe,Online,2,102.68,20,164.29,44.52,25,Male,Apple Pay,https://footdistrict.com/cdn/shop/files/sneakers-adidas-originals-superstar-eg4958-0.jpg
100112,7/24/2025,AD-2233-B,Training Cap,Accessories,North America,Outlet,4,20.44,0,81.76,28.62,34,Female,Google Pay,https://res.cloudinary.com/dtc2q8arn/image/upload/v1723744392/Go%20Live%20images/Batch%203/IP2780/IP2780_1_HARDWARE_Photography_Front_Center_View_grey_jkmmpe.jpg
100698,12/28/2023,AD-8966-A,Essentials Tee,Apparel,Europe,Online,2,25.64,0,51.28,14.88,16,Male,Google Pay,https://shop.simon.com/cdn/shop/files/3f84ca8be8d64d3fb9b66db4a3b02046.jpg
100951,6/21/2023,AD-1324-D,Training Cap,Accessories,Europe,Retail,1,22.24,5,21.13,4.41,31,Female,Google Pay,https://res.cloudinary.com/dtc2q8arn/image/upload/v1723744392/Go%20Live%20images/Batch%203/IP2780/IP2780_1_HARDWARE_Photography_Front_Center_View_grey_jkmmpe.jpg
101078,8/11/2025,AD-7560-A,Copa Sense,Footwear,North America,Online,2,130.95,40,157.14,45.5,16,Female,UPI,https://res.cloudinary.com/dtc2q8arn/image/upload/v1727704399/Batch%204_5/GZ1370/GZ1370_1_FOOTWEAR_Photography_Side_Lateral_Center_View_grey_ooqo8x.jpg
100441,1/31/2025,AD-7025-B,Essentials Tee,Apparel,Latin America,Outlet,4,22.98,20,73.54,25.5,45,Male,UPI,https://shop.simon.com/cdn/shop/files/3f84ca8be8d64d3fb9b66db4a3b02046.jpg
100663,9/4/2025,AD-7563-A,Training Cap,Accessories,Europe,Wholesale,3,19.24,10,51.95,17.14,28,Male,NetBanking,https://res.cloudinary.com/dtc2q8arn/image/upload/v1723744392/Go%20Live%20images/Batch%203/IP2780/IP2780_1_HARDWARE_Photography_Front_Center_View_grey_jkmmpe.jpg
101196,12/16/2024,AD-9046-D,Performance Socks (3-pack),Accessories,Middle East & Africa,Retail,3,19.61,5,55.89,23.43,46,Male,NetBanking,https://assets.adidas.com/images/w_940%2Cf_auto%2Cq_auto/717ff966f0854fe089472eb7a83debd8_9366/JC6446_03_standard_hover.jpg
100317,4/26/2023,AD-6185-B,Adicolor Hoodie,Apparel,Asia-Pacific,Retail,1,73.06,5,69.41,17.08,26,Female,Cash,https://assets.adidas.com/images/w_940%2Cf_auto%2Cq_auto/cb64f14e00914389b9790ba55a528715_9366/JW5965_21_model.jpg
100648,5/7/2025,AD-4454-C,Training Cap,Accessories,Europe,Online,2,22.28,0,44.56,17.9,31,Female,PayPal,https://res.cloudinary.com/dtc2q8arn/image/upload/v1723744392/Go%20Live%20images/Batch%203/IP2780/IP2780_1_HARDWARE_Photography_Front_Center_View_grey_jkmmpe.jpg
100709,1/5/2023,AD-3409-D,Sports Bottle,Accessories,Europe,Retail,5,15.08,0,75.4,19.64,21,Male,NetBanking,https://assets.adidas.com/images/w_940%2Cf_auto%2Cq_auto/dffb7992446842a98f73aa860118cfee_9366/FM9931_01_00_standard.jpg
100972,9/25/2024,AD-1272-C,Training Cap,Accessories,Asia-Pacific,Online,3,22.45,0,67.35,19.29,34,Female,Cash,https://res.cloudinary.com/dtc2q8arn/image/upload/v1723744392/Go%20Live%20images/Batch%203/IP2780/IP2780_1_HARDWARE_Photography_Front_Center_View_grey_jkmmpe.jpg
100627,8/2/2023,AD-3835-A,Running Watch Strap,Accessories,Middle East & Africa,Retail,2,40.25,5,76.47,25.66,16,Male,UPI,https://assets.adidas.com/images/w_940%2Cf_auto%2Cq_auto/bfdb966c006f4a02a9b6ad0e00a5b1b4_9366/Running_Strap_Black_HN5572_01_standard.jpg
100632,7/29/2025,AD-3089-C,Originals Backpack,Accessories,Latin America,Wholesale,4,61.02,0,244.08,98.09,36,Female,Apple Pay,https://assets.adidas.com/images/w_940%2Cf_auto%2Cq_auto/6e58dbe12eed418ba809246a19b2bd7d_9366/IU0178_01_00_standard.jpg
101171,11/10/2023,AD-5641-B,Ultraboost 22,Footwear,Asia-Pacific,Online,3,173.57,5,494.67,161.69,35,Male,Cash,https://justfreshkicks.com/wp-content/uploads/2021/12/adidas-Ultra-Boost-2022-Triple-White-GX5459-Release-Date-Price.jpeg
101106,9/7/2024,AD-7066-C,Primegreen Jacket,Apparel,North America,Online,2,139.21,20,222.74,28.66,28,Female,Credit Card,"https://assets.adidas.com/images/c_fill,g_auto,w_1200,h_630,f_auto,q_auto/w_600,f_auto,q_auto/8d7b43159e2643c08d3fad250061730c_9366/Essentials_Warm-Up_3-Stripes_Track_Jacket_Black_H46099_01_laydown.jpg"
100795,7/28/2023,AD-1067-B,Tiro 23 Track Pants,Apparel,North America,Retail,2,48.21,20,77.14,22.36,47,Male,UPI,https://assets.adidas.com/images/w_600%2Cf_auto%2Cq_auto/d02df6c17bf34147ae3faef5011f4841_9366/Tiro_23_League_Training_Pants_Black_HS7230_01_laydown.jpg
100645,3/26/2023,AD-5509-C,Predator Freak,Footwear,Latin America,Online,2,216.3,0,432.6,118.14,28,Male,NetBanking,https://www.soccervillage.com/mm5/graphics/00000001/1/fy0610_g01.jpg
101012,6/24/2023,AD-8812-B,Z.N.E. Hoodie,Apparel,Europe,Online,1,120.04,0,120.04,37.88,17,Female,Apple Pay,https://assets.adidas.com/images/w_940%2Cf_auto%2Cq_auto/513a21b39fd644cf83561016dfa26f68_9366/JE7537_21_model.jpg
100556,12/31/2023,AD-2505-D,Predator Freak,Footwear,Europe,Retail,7,242.24,10,1526.11,393.25,33,Male,NetBanking,https://www.soccervillage.com/mm5/graphics/00000001/1/fy0610_g01.jpg
100681,1/28/2025,AD-2160-B,Ultraboost Light,Footwear,North America,Retail,4,140.09,0,560.36,172.6,47,Male,Debit Card,https://res.cloudinary.com/dtc2q8arn/image/upload/v1723747674/Go%20Live%20images/Batch%203/ID3316/ID3316_14_FOOTWEAR_Photography_HeroMrktng_View_3_uk3cpt.jpg
100577,8/9/2024,AD-4387-B,Predator Freak,Footwear,Europe,Retail,5,207.82,5,987.14,261.25,36,Male,PayPal,https://www.soccervillage.com/mm5/graphics/00000001/1/fy0610_g01.jpg
100524,2/27/2024,AD-6634-C,Essentials Tee,Apparel,North America,Retail,2,25.7,20,41.12,9.04,29,Female,PayPal,https://shop.simon.com/cdn/shop/files/3f84ca8be8d64d3fb9b66db4a3b02046.jpg
101059,5/5/2024,AD-1729-A,Predator Freak,Footwear,Europe,Online,4,203.77,20,652.06,179.72,18,Male,Credit Card,https://www.soccervillage.com/mm5/graphics/00000001/1/fy0610_g01.jpg
100540,1/2/2024,AD-4109-B,Predator Freak,Footwear,North America,Retail,3,233.52,40,420.34,130.63,30,Female,Google Pay,https://www.soccervillage.com/mm5/graphics/00000001/1/fy0610_g01.jpg
100748,6/24/2025,AD-9037-D,Copa Sense,Footwear,North America,Retail,4,148.95,5,566.01,168.92,16,Male,Debit Card,https://res.cloudinary.com/dtc2q8arn/image/upload/v1727704399/Batch%204_5/GZ1370/GZ1370_1_FOOTWEAR_Photography_Side_Lateral_Center_View_grey_ooqo8x.jpg
101109,1/18/2024,AD-5640-A,Copa Sense,Footwear,North America,Online,3,146.69,0,440.07,146.23,21,Male,Apple Pay,https://res.cloudinary.com/dtc2q8arn/image/upload/v1727704399/Batch%204_5/GZ1370/GZ1370_1_FOOTWEAR_Photography_Side_Lateral_Center_View_grey_ooqo8x.jpg
100484,1/6/2023,AD-7698-C,Ultraboost 22,Footwear,North America,Online,3,184.81,0,554.43,158.08,39,Female,Cash,https://justfreshkicks.com/wp-content/uploads/2021/12/adidas-Ultra-Boost-2022-Triple-White-GX5459-Release-Date-Price.jpeg
100095,3/2/2025,AD-9022-B,Originals Backpack,Accessories,Asia-Pacific,Online,4,64.37,5,244.61,121.38,38,Male,NetBanking,https://assets.adidas.com/images/w_940%2Cf_auto%2Cq_auto/6e58dbe12eed418ba809246a19b2bd7d_9366/IU0178_01_00_standard.jpg
101020,11/21/2024,AD-1834-D,Gym Bag,Accessories,North America,Online,1,47.45,0,47.45,15.2,32,Male,Cash,https://assets.adidas.com/images/w_600%2Cf_auto%2Cq_auto/d525201fecc84b71af1761f4e9cc371a_9366/Lounge_Duffel_Bag_Grey_JK5352_01_00_standard.jpg
100563,3/3/2025,AD-9589-B,Predator Freak,Footwear,Europe,Online,3,227.63,0,682.89,184.94,38,Male,UPI,https://www.soccervillage.com/mm5/graphics/00000001/1/fy0610_g01.jpg
100742,2/22/2025,AD-8795-D,Running Watch Strap,Accessories,Asia-Pacific,Outlet,6,44.67,0,268.02,60.38,38,Female,Cash,https://assets.adidas.com/images/w_940%2Cf_auto%2Cq_auto/bfdb966c006f4a02a9b6ad0e00a5b1b4_9366/Running_Strap_Black_HN5572_01_standard.jpg
100863,7/7/2024,AD-1684-A,Copa Sense,Footwear,Europe,Online,2,176.79,0,353.58,99.97,33,Female,Google Pay,https://res.cloudinary.com/dtc2q8arn/image/upload/v1727704399/Batch%204_5/GZ1370/GZ1370_1_FOOTWEAR_Photography_Side_Lateral_Center_View_grey_ooqo8x.jpg
100891,6/3/2024,AD-2120-C,Sports Bottle,Accessories,Europe,Online,1,16.23,0,16.23,4.01,27,Male,UPI,https://assets.adidas.com/images/w_940%2Cf_auto%2Cq_auto/dffb7992446842a98f73aa860118cfee_9366/FM9931_01_00_standard.jpg
101038,4/28/2024,AD-6476-C,Essentials Tee,Apparel,North America,Online,3,22.33,0,66.99,27.34,46,Female,Cash,https://shop.simon.com/cdn/shop/files/3f84ca8be8d64d3fb9b66db4a3b02046.jpg
100206,12/2/2023,AD-9311-D,NMD_R1,Footwear,Europe,Retail,4,142.63,5,541.99,160.17,27,Female,Cash,https://assets.adidas.com/images/w_940%2Cf_auto%2Cq_auto/8563f8e2e30a4df4821eae1e002e3dc9_9366/GW5698_01_00_standard.jpg
100392,6/13/2024,AD-3292-A,Adicolor Hoodie,Apparel,Asia-Pacific,Outlet,3,71.83,0,215.49,64.22,27,Female,Cash,https://assets.adidas.com/images/w_940%2Cf_auto%2Cq_auto/cb64f14e00914389b9790ba55a528715_9366/JW5965_21_model.jpg
100794,1/1/2024,AD-6727-A,Sports Bottle,Accessories,Europe,Outlet,4,16.74,5,63.61,20.64,30,Female,Debit Card,https://assets.adidas.com/images/w_940%2Cf_auto%2Cq_auto/dffb7992446842a98f73aa860118cfee_9366/FM9931_01_00_standard.jpg
100870,3/17/2025,AD-6783-D,Superstar,Footwear,Latin America,Outlet,3,108.29,0,324.87,91.11,17,Male,Debit Card,https://footdistrict.com/cdn/shop/files/sneakers-adidas-originals-superstar-eg4958-0.jpg
100397,9/24/2023,AD-8736-B,Running Watch Strap,Accessories,Latin America,Retail,1,36.37,5,34.55,10.85,22,Female,Debit Card,https://assets.adidas.com/images/w_940%2Cf_auto%2Cq_auto/bfdb966c006f4a02a9b6ad0e00a5b1b4_9366/Running_Strap_Black_HN5572_01_standard.jpg
100766,8/7/2024,AD-9133-A,Gym Bag,Accessories,Europe,Outlet,2,47.14,0,94.28,27.22,17,Female,NetBanking,https://assets.adidas.com/images/w_600%2Cf_auto%2Cq_auto/d525201fecc84b71af1761f4e9cc371a_9366/Lounge_Duffel_Bag_Grey_JK5352_01_00_standard.jpg
101099,8/16/2025,AD-7929-C,Training Shorts,Apparel,Middle East & Africa,Online,2,29.57,0,59.14,16,31,Male,Credit Card,https://assets.adidas.com/images/w_600%2Cf_auto%2Cq_auto/14732790a86d43329cf8df8f1c77367e_9366/Designed_for_Training_Workout_Shorts_Black_IK9723_01_laydown.jpg
101028,10/19/2023,AD-8852-C,Ultraboost Light,Footwear,Europe,Online,3,145.07,10,391.69,137.51,24,Male,UPI,https://res.cloudinary.com/dtc2q8arn/image/upload/v1723747674/Go%20Live%20images/Batch%203/ID3316/ID3316_14_FOOTWEAR_Photography_HeroMrktng_View_3_uk3cpt.jpg
100642,9/19/2024,AD-6431-D,Ultraboost Light,Footwear,Europe,Online,4,164.89,0,659.56,216.79,19,Male,Google Pay,https://res.cloudinary.com/dtc2q8arn/image/upload/v1723747674/Go%20Live%20images/Batch%203/ID3316/ID3316_14_FOOTWEAR_Photography_HeroMrktng_View_3_uk3cpt.jpg
100612,4/7/2024,AD-2517-D,Tiro 23 Track Pants,Apparel,Europe,Online,2,61.75,20,98.8,23.77,19,Female,UPI,https://assets.adidas.com/images/w_600%2Cf_auto%2Cq_auto/d02df6c17bf34147ae3faef5011f4841_9366/Tiro_23_League_Training_Pants_Black_HS7230_01_laydown.jpg
100960,12/24/2024,AD-7993-C,Running Watch Strap,Accessories,North America,Outlet,2,42.21,0,84.42,23.82,27,Female,PayPal,https://assets.adidas.com/images/w_940%2Cf_auto%2Cq_auto/bfdb966c006f4a02a9b6ad0e00a5b1b4_9366/Running_Strap_Black_HN5572_01_standard.jpg
100725,10/5/2023,AD-7111-D,Training Shorts,Apparel,Asia-Pacific,Outlet,5,26.46,10,119.07,31.62,16,Male,NetBanking,https://assets.adidas.com/images/w_600%2Cf_auto%2Cq_auto/14732790a86d43329cf8df8f1c77367e_9366/Designed_for_Training_Workout_Shorts_Black_IK9723_01_laydown.jpg
100683,11/30/2023,AD-2204-D,Adicolor Hoodie,Apparel,Asia-Pacific,Outlet,5,71.91,10,323.59,110.59,36,Male,UPI,https://assets.adidas.com/images/w_940%2Cf_auto%2Cq_auto/cb64f14e00914389b9790ba55a528715_9366/JW5965_21_model.jpg
100098,5/22/2024,AD-2633-D,Ultraboost Light,Footwear,Middle East & Africa,Online,2,145.66,10,262.19,75.53,26,Male,Google Pay,https://res.cloudinary.com/dtc2q8arn/image/upload/v1723747674/Go%20Live%20images/Batch%203/ID3316/ID3316_14_FOOTWEAR_Photography_HeroMrktng_View_3_uk3cpt.jpg
100804,4/6/2023,AD-9115-A,Ultraboost Light,Footwear,Middle East & Africa,Retail,2,144.69,0,289.38,81.88,25,Female,PayPal,https://res.cloudinary.com/dtc2q8arn/image/upload/v1723747674/Go%20Live%20images/Batch%203/ID3316/ID3316_14_FOOTWEAR_Photography_HeroMrktng_View_3_uk3cpt.jpg
100406,8/18/2023,AD-7147-C,Predator Freak,Footwear,North America,Retail,2,216.38,20,346.21,92.61,32,Male,Credit Card,https://www.soccervillage.com/mm5/graphics/00000001/1/fy0610_g01.jpg
100502,3/8/2025,AD-9871-A,Stan Smith,Footwear,North America,Wholesale,5,89.56,10,403.02,115.02,36,Male,Credit Card,https://assets.adidas.com/images/w_600%2Cf_auto%2Cq_auto/69721f2e7c934d909168a80e00818569_9366/Stan_Smith_Shoes_White_M20324_01_standard.jpg
101071,7/22/2025,AD-3361-D,Training Shorts,Apparel,Latin America,Retail,1,30.18,5,28.67,7.28,43,Male,Google Pay,https://assets.adidas.com/images/w_600%2Cf_auto%2Cq_auto/14732790a86d43329cf8df8f1c77367e_9366/Designed_for_Training_Workout_Shorts_Black_IK9723_01_laydown.jpg
101056,1/14/2025,AD-3165-B,Ultraboost 22,Footwear,Europe,Online,3,139.2,0,417.6,153.66,44,Female,Credit Card,https://justfreshkicks.com/wp-content/uploads/2021/12/adidas-Ultra-Boost-2022-Triple-White-GX5459-Release-Date-Price.jpeg
100929,2/2/2025,AD-6359-D,Primegreen Jacket,Apparel,Europe,Online,4,142.22,0,568.88,177.14,28,Male,PayPal,"https://assets.adidas.com/images/c_fill,g_auto,w_1200,h_630,f_auto,q_auto/w_600,f_auto,q_auto/8d7b43159e2643c08d3fad250061730c_9366/Essentials_Warm-Up_3-Stripes_Track_Jacket_Black_H46099_01_laydown.jpg"
100779,3/28/2023,AD-1339-A,Originals Backpack,Accessories,Europe,Online,3,56.54,5,161.14,47.71,22,Female,UPI,https://assets.adidas.com/images/w_940%2Cf_auto%2Cq_auto/6e58dbe12eed418ba809246a19b2bd7d_9366/IU0178_01_00_standard.jpg
100200,5/24/2024,AD-1797-A,Ultraboost 22,Footwear,Europe,Retail,4,172.08,10,619.49,165.04,34,Male,Cash,https://justfreshkicks.com/wp-content/uploads/2021/12/adidas-Ultra-Boost-2022-Triple-White-GX5459-Release-Date-Price.jpeg
100134,5/15/2025,AD-5381-A,Sports Bottle,Accessories,Asia-Pacific,Retail,3,15.91,0,47.73,11.03,31,Female,Credit Card,https://assets.adidas.com/images/w_940%2Cf_auto%2Cq_auto/dffb7992446842a98f73aa860118cfee_9366/FM9931_01_00_standard.jpg
101051,8/13/2023,AD-7258-C,Essentials Tee,Apparel,Middle East & Africa,Retail,3,25.19,20,60.46,13.53,20,Female,Debit Card,https://shop.simon.com/cdn/shop/files/3f84ca8be8d64d3fb9b66db4a3b02046.jpg
100040,12/25/2023,AD-6378-C,Tiro 23 Track Pants,Apparel,Latin America,Online,3,54.83,0,164.49,40.78,26,Female,Apple Pay,https://assets.adidas.com/images/w_600%2Cf_auto%2Cq_auto/d02df6c17bf34147ae3faef5011f4841_9366/Tiro_23_League_Training_Pants_Black_HS7230_01_laydown.jpg
101017,3/28/2023,AD-9334-B,Tiro 23 Track Pants,Apparel,Europe,Outlet,2,53.14,0,106.28,21.38,36,Female,Apple Pay,https://assets.adidas.com/images/w_600%2Cf_auto%2Cq_auto/d02df6c17bf34147ae3faef5011f4841_9366/Tiro_23_League_Training_Pants_Black_HS7230_01_laydown.jpg
100230,6/24/2024,AD-9792-B,Training Shorts,Apparel,Asia-Pacific,Online,2,29.29,10,52.72,18.71,23,Male,UPI,https://assets.adidas.com/images/w_600%2Cf_auto%2Cq_auto/14732790a86d43329cf8df8f1c77367e_9366/Designed_for_Training_Workout_Shorts_Black_IK9723_01_laydown.jpg
100378,10/10/2023,AD-4892-A,Primegreen Jacket,Apparel,Asia-Pacific,Retail,4,128.82,10,463.75,108.61,27,Male,Cash,"https://assets.adidas.com/images/c_fill,g_auto,w_1200,h_630,f_auto,q_auto/w_600,f_auto,q_auto/8d7b43159e2643c08d3fad250061730c_9366/Essentials_Warm-Up_3-Stripes_Track_Jacket_Black_H46099_01_laydown.jpg"
100288,10/13/2023,AD-8496-A,Superstar,Footwear,Asia-Pacific,Retail,4,96.44,0,385.76,126.85,39,Male,UPI,https://footdistrict.com/cdn/shop/files/sneakers-adidas-originals-superstar-eg4958-0.jpg
100418,7/22/2025,AD-1472-B,Running Watch Strap,Accessories,Asia-Pacific,Online,2,42.82,5,81.36,24.27,26,Female,Cash,https://assets.adidas.com/images/w_940%2Cf_auto%2Cq_auto/bfdb966c006f4a02a9b6ad0e00a5b1b4_9366/Running_Strap_Black_HN5572_01_standard.jpg
100391,10/11/2023,AD-4086-B,Z.N.E. Hoodie,Apparel,North America,Retail,3,117.99,0,353.97,89.49,41,Female,NetBanking,https://assets.adidas.com/images/w_940%2Cf_auto%2Cq_auto/513a21b39fd644cf83561016dfa26f68_9366/JE7537_21_model.jpg
100592,2/14/2023,AD-3930-A,Copa Sense,Footwear,Asia-Pacific,Retail,2,145.22,0,290.44,61.69,29,Male,PayPal,https://res.cloudinary.com/dtc2q8arn/image/upload/v1727704399/Batch%204_5/GZ1370/GZ1370_1_FOOTWEAR_Photography_Side_Lateral_Center_View_grey_ooqo8x.jpg
101086,5/3/2024,AD-2528-B,Running Watch Strap,Accessories,North America,Online,5,41.63,0,208.15,59.23,45,Female,Debit Card,https://assets.adidas.com/images/w_940%2Cf_auto%2Cq_auto/bfdb966c006f4a02a9b6ad0e00a5b1b4_9366/Running_Strap_Black_HN5572_01_standard.jpg
100647,3/12/2025,AD-3376-B,Adicolor Hoodie,Apparel,Asia-Pacific,Outlet,1,70.05,5,66.55,25.41,45,Male,Debit Card,https://assets.adidas.com/images/w_940%2Cf_auto%2Cq_auto/cb64f14e00914389b9790ba55a528715_9366/JW5965_21_model.jpg
100520,9/24/2024,AD-8260-B,Predator Freak,Footwear,Middle East & Africa,Online,2,209.22,10,376.6,132.79,26,Male,NetBanking,https://www.soccervillage.com/mm5/graphics/00000001/1/fy0610_g01.jpg
100064,4/21/2023,AD-4249-A,Running Watch Strap,Accessories,Europe,Retail,1,38.49,10,34.64,11.99,39,Female,Apple Pay,https://assets.adidas.com/images/w_940%2Cf_auto%2Cq_auto/bfdb966c006f4a02a9b6ad0e00a5b1b4_9366/Running_Strap_Black_HN5572_01_standard.jpg
100014,7/6/2024,AD-6038-B,Gym Bag,Accessories,Asia-Pacific,Retail,3,50.38,0,151.14,53.45,30,Male,Cash,https://assets.adidas.com/images/w_600%2Cf_auto%2Cq_auto/d525201fecc84b71af1761f4e9cc371a_9366/Lounge_Duffel_Bag_Grey_JK5352_01_00_standard.jpg
101064,7/3/2025,AD-7047-C,Tiro 23 Track Pants,Apparel,North America,Outlet,2,54.07,0,108.14,39.52,20,Male,Google Pay,https://assets.adidas.com/images/w_600%2Cf_auto%2Cq_auto/d02df6c17bf34147ae3faef5011f4841_9366/Tiro_23_League_Training_Pants_Black_HS7230_01_laydown.jpg
100492,3/13/2025,AD-4919-A,NMD_R1,Footwear,Asia-Pacific,Retail,3,122.51,0,367.53,119.98,31,Female,Cash,https://assets.adidas.com/images/w_940%2Cf_auto%2Cq_auto/8563f8e2e30a4df4821eae1e002e3dc9_9366/GW5698_01_00_standard.jpg
100379,2/2/2025,AD-6094-C,Training Cap,Accessories,Latin America,Online,2,23.11,0,46.22,15.51,30,Female,NetBanking,https://res.cloudinary.com/dtc2q8arn/image/upload/v1723744392/Go%20Live%20images/Batch%203/IP2780/IP2780_1_HARDWARE_Photography_Front_Center_View_grey_jkmmpe.jpg
100187,7/17/2024,AD-6922-B,Sports Bottle,Accessories,North America,Online,3,14.94,5,42.58,21.21,29,Female,PayPal,https://assets.adidas.com/images/w_940%2Cf_auto%2Cq_auto/dffb7992446842a98f73aa860118cfee_9366/FM9931_01_00_standard.jpg
100763,3/8/2024,AD-3883-A,Ultraboost Light,Footwear,North America,Online,1,150.6,20,120.48,44.04,28,Female,NetBanking,https://res.cloudinary.com/dtc2q8arn/image/upload/v1723747674/Go%20Live%20images/Batch%203/ID3316/ID3316_14_FOOTWEAR_Photography_HeroMrktng_View_3_uk3cpt.jpg
100216,8/4/2025,AD-5450-B,Performance Socks (3-pack),Accessories,Asia-Pacific,Online,4,18.86,0,75.44,28.6,28,Female,NetBanking,https://assets.adidas.com/images/w_940%2Cf_auto%2Cq_auto/717ff966f0854fe089472eb7a83debd8_9366/JC6446_03_standard_hover.jpg
100791,7/13/2025,AD-6169-D,Essentials Tee,Apparel,Asia-Pacific,Online,4,26.69,0,106.76,21.1,34,Male,PayPal,https://shop.simon.com/cdn/shop/files/3f84ca8be8d64d3fb9b66db4a3b02046.jpg
101076,10/21/2023,AD-1178-D,Stan Smith,Footwear,Latin America,Online,4,85.14,20,272.45,61.77,26,Female,PayPal,https://assets.adidas.com/images/w_600%2Cf_auto%2Cq_auto/69721f2e7c934d909168a80e00818569_9366/Stan_Smith_Shoes_White_M20324_01_standard.jpg
100878,3/18/2024,AD-4678-A,Originals Backpack,Accessories,Asia-Pacific,Retail,2,58.59,40,70.31,24.54,26,Male,Credit Card,https://assets.adidas.com/images/w_940%2Cf_auto%2Cq_auto/6e58dbe12eed418ba809246a19b2bd7d_9366/IU0178_01_00_standard.jpg
100337,10/6/2023,AD-2731-B,Adicolor Hoodie,Apparel,North America,Retail,4,66.12,10,238.03,45.16,36,Female,PayPal,https://assets.adidas.com/images/w_940%2Cf_auto%2Cq_auto/cb64f14e00914389b9790ba55a528715_9366/JW5965_21_model.jpg
100719,8/18/2023,AD-3034-C,Ultraboost 22,Footwear,North America,Online,3,159.36,0,478.08,135.58,36,Female,Google Pay,https://justfreshkicks.com/wp-content/uploads/2021/12/adidas-Ultra-Boost-2022-Triple-White-GX5459-Release-Date-Price.jpeg
100295,6/21/2023,AD-9808-C,Superstar,Footwear,Asia-Pacific,Online,2,106.92,0,213.84,58.53,29,Male,UPI,https://footdistrict.com/cdn/shop/files/sneakers-adidas-originals-superstar-eg4958-0.jpg
101016,2/28/2025,AD-3705-A,Z.N.E. Hoodie,Apparel,Asia-Pacific,Online,5,128.89,0,644.45,176.92,18,Male,Debit Card,https://assets.adidas.com/images/w_940%2Cf_auto%2Cq_auto/513a21b39fd644cf83561016dfa26f68_9366/JE7537_21_model.jpg
100455,4/21/2025,AD-3360-C,Ultraboost 22,Footwear,Europe,Online,2,196.84,5,374,83.57,34,Male,NetBanking,https://justfreshkicks.com/wp-content/uploads/2021/12/adidas-Ultra-Boost-2022-Triple-White-GX5459-Release-Date-Price.jpeg
100815,1/21/2023,AD-6469-A,Performance Socks (3-pack),Accessories,North America,Retail,4,17.84,0,71.36,26.79,34,Female,Credit Card,https://assets.adidas.com/images/w_940%2Cf_auto%2Cq_auto/717ff966f0854fe089472eb7a83debd8_9366/JC6446_03_standard_hover.jpg
100269,4/16/2023,AD-1202-C,Ultraboost 22,Footwear,Asia-Pacific,Retail,4,205.91,10,741.28,243.02,28,Female,Apple Pay,https://justfreshkicks.com/wp-content/uploads/2021/12/adidas-Ultra-Boost-2022-Triple-White-GX5459-Release-Date-Price.jpeg
100995,11/6/2023,AD-8596-D,NMD_R1,Footwear,Asia-Pacific,Online,3,127.71,0,383.13,127.48,30,Female,Debit Card,https://assets.adidas.com/images/w_940%2Cf_auto%2Cq_auto/8563f8e2e30a4df4821eae1e002e3dc9_9366/GW5698_01_00_standard.jpg
100201,10/16/2023,AD-2761-D,Training Cap,Accessories,Latin America,Retail,3,21.35,0,64.05,15.96,32,Male,Credit Card,https://res.cloudinary.com/dtc2q8arn/image/upload/v1723744392/Go%20Live%20images/Batch%203/IP2780/IP2780_1_HARDWARE_Photography_Front_Center_View_grey_jkmmpe.jpg
100161,11/13/2023,AD-8564-C,Training Cap,Accessories,North America,Retail,3,19.93,0,59.79,17.42,35,Female,Google Pay,https://res.cloudinary.com/dtc2q8arn/image/upload/v1723744392/Go%20Live%20images/Batch%203/IP2780/IP2780_1_HARDWARE_Photography_Front_Center_View_grey_jkmmpe.jpg
100729,8/16/2023,AD-2287-D,Predator Freak,Footwear,North America,Online,2,226.68,0,453.36,173.84,22,Male,PayPal,https://www.soccervillage.com/mm5/graphics/00000001/1/fy0610_g01.jpg
100401,3/15/2025,AD-7280-A,Superstar,Footwear,Europe,Online,2,96.46,10,173.63,60.6,24,Male,Google Pay,https://footdistrict.com/cdn/shop/files/sneakers-adidas-originals-superstar-eg4958-0.jpg
100702,4/30/2024,AD-4806-C,Training Shorts,Apparel,Asia-Pacific,Online,1,27.66,5,26.28,9.41,18,Male,Credit Card,https://assets.adidas.com/images/w_600%2Cf_auto%2Cq_auto/14732790a86d43329cf8df8f1c77367e_9366/Designed_for_Training_Workout_Shorts_Black_IK9723_01_laydown.jpg
101129,8/2/2025,AD-2685-C,Adilette Slides,Footwear,North America,Outlet,3,33.84,40,60.91,19.8,22,Female,Apple Pay,https://assets.adidas.com/images/w_600%2Cf_auto%2Cq_auto/69e60b96568f41ac8fa4afd3012d46e3_9366/Adilette_Aqua_Slides_Black_IF7371_01_standard.jpg
100565,1/10/2024,AD-6729-D,Training Shorts,Apparel,Europe,Retail,3,31.11,20,74.66,21.76,33,Female,PayPal,https://assets.adidas.com/images/w_600%2Cf_auto%2Cq_auto/14732790a86d43329cf8df8f1c77367e_9366/Designed_for_Training_Workout_Shorts_Black_IK9723_01_laydown.jpg
101021,5/22/2024,AD-5752-C,Primegreen Jacket,Apparel,Middle East & Africa,Online,2,124.24,20,198.78,75.99,21,Female,Debit Card,"https://assets.adidas.com/images/c_fill,g_auto,w_1200,h_630,f_auto,q_auto/w_600,f_auto,q_auto/8d7b43159e2643c08d3fad250061730c_9366/Essentials_Warm-Up_3-Stripes_Track_Jacket_Black_H46099_01_laydown.jpg"
101025,7/22/2023,AD-3549-C,Superstar,Footwear,Latin America,Online,2,97.9,0,195.8,57.08,43,Female,Credit Card,https://footdistrict.com/cdn/shop/files/sneakers-adidas-originals-superstar-eg4958-0.jpg
101104,1/15/2023,AD-5305-A,Predator Freak,Footwear,Middle East & Africa,Retail,3,217.49,0,652.47,140.64,18,Male,Apple Pay,https://www.soccervillage.com/mm5/graphics/00000001/1/fy0610_g01.jpg
100205,5/27/2024,AD-3440-B,Ultraboost Light,Footwear,North America,Online,1,145.81,10,131.23,44.93,39,Male,Google Pay,https://res.cloudinary.com/dtc2q8arn/image/upload/v1723747674/Go%20Live%20images/Batch%203/ID3316/ID3316_14_FOOTWEAR_Photography_HeroMrktng_View_3_uk3cpt.jpg
100034,7/28/2023,AD-5533-A,Essentials Tee,Apparel,North America,Outlet,1,24.55,0,24.55,7.93,29,Male,Apple Pay,https://shop.simon.com/cdn/shop/files/3f84ca8be8d64d3fb9b66db4a3b02046.jpg
100775,4/24/2025,AD-8426-A,Copa Sense,Footwear,Europe,Online,3,153.41,0,460.23,136.68,39,Female,Cash,https://res.cloudinary.com/dtc2q8arn/image/upload/v1727704399/Batch%204_5/GZ1370/GZ1370_1_FOOTWEAR_Photography_Side_Lateral_Center_View_grey_ooqo8x.jpg
100508,1/9/2024,AD-2636-C,Primegreen Jacket,Apparel,North America,Online,7,123.53,40,518.83,149.67,45,Female,UPI,"https://assets.adidas.com/images/c_fill,g_auto,w_1200,h_630,f_auto,q_auto/w_600,f_auto,q_auto/8d7b43159e2643c08d3fad250061730c_9366/Essentials_Warm-Up_3-Stripes_Track_Jacket_Black_H46099_01_laydown.jpg"
101183,3/10/2023,AD-8761-A,Ultraboost 22,Footwear,Latin America,Retail,1,196.24,20,156.99,48.09,36,Male,Debit Card,https://justfreshkicks.com/wp-content/uploads/2021/12/adidas-Ultra-Boost-2022-Triple-White-GX5459-Release-Date-Price.jpeg
100091,9/29/2024,AD-8178-D,Training Cap,Accessories,Asia-Pacific,Online,3,17.95,0,53.85,20.98,22,Male,NetBanking,https://res.cloudinary.com/dtc2q8arn/image/upload/v1723744392/Go%20Live%20images/Batch%203/IP2780/IP2780_1_HARDWARE_Photography_Front_Center_View_grey_jkmmpe.jpg
100897,6/25/2025,AD-3884-C,Essentials Tee,Apparel,Europe,Retail,3,21.1,0,63.3,17.35,33,Male,Credit Card,https://shop.simon.com/cdn/shop/files/3f84ca8be8d64d3fb9b66db4a3b02046.jpg
100564,9/6/2023,AD-7776-D,Superstar,Footwear,Europe,Retail,3,83.45,40,150.21,23.79,33,Female,Debit Card,https://footdistrict.com/cdn/shop/files/sneakers-adidas-originals-superstar-eg4958-0.jpg
100776,2/19/2025,AD-7564-B,Ultraboost Light,Footwear,North America,Online,3,151.03,0,453.09,119.01,31,Female,Credit Card,https://res.cloudinary.com/dtc2q8arn/image/upload/v1723747674/Go%20Live%20images/Batch%203/ID3316/ID3316_14_FOOTWEAR_Photography_HeroMrktng_View_3_uk3cpt.jpg
100241,8/14/2024,AD-7775-C,NMD_R1,Footwear,Asia-Pacific,Online,5,126.81,0,634.05,155.59,27,Female,UPI,https://assets.adidas.com/images/w_940%2Cf_auto%2Cq_auto/8563f8e2e30a4df4821eae1e002e3dc9_9366/GW5698_01_00_standard.jpg
100013,6/3/2024,AD-7126-B,Stan Smith,Footwear,North America,Retail,5,76.87,0,384.35,134,36,Female,PayPal,https://assets.adidas.com/images/w_600%2Cf_auto%2Cq_auto/69721f2e7c934d909168a80e00818569_9366/Stan_Smith_Shoes_White_M20324_01_standard.jpg
100315,11/19/2023,AD-1439-C,Predator Freak,Footwear,Asia-Pacific,Online,5,230.5,20,922,337.32,29,Female,NetBanking,https://www.soccervillage.com/mm5/graphics/00000001/1/fy0610_g01.jpg
100600,10/27/2023,AD-4425-A,Training Cap,Accessories,Asia-Pacific,Online,2,20.64,10,37.15,14.42,37,Male,UPI,https://res.cloudinary.com/dtc2q8arn/image/upload/v1723744392/Go%20Live%20images/Batch%203/IP2780/IP2780_1_HARDWARE_Photography_Front_Center_View_grey_jkmmpe.jpg
100387,11/24/2024,AD-8767-B,Adilette Slides,Footwear,Europe,Online,5,37.45,40,112.35,33.34,45,Female,Credit Card,https://assets.adidas.com/images/w_600%2Cf_auto%2Cq_auto/69e60b96568f41ac8fa4afd3012d46e3_9366/Adilette_Aqua_Slides_Black_IF7371_01_standard.jpg
100166,1/29/2023,AD-1627-C,Z.N.E. Hoodie,Apparel,Latin America,Retail,4,119.84,0,479.36,168.4,35,Female,PayPal,https://assets.adidas.com/images/w_940%2Cf_auto%2Cq_auto/513a21b39fd644cf83561016dfa26f68_9366/JE7537_21_model.jpg
100840,2/13/2025,AD-9737-B,Stan Smith,Footwear,Asia-Pacific,Online,2,79.25,5,150.57,49.34,33,Male,UPI,https://assets.adidas.com/images/w_600%2Cf_auto%2Cq_auto/69721f2e7c934d909168a80e00818569_9366/Stan_Smith_Shoes_White_M20324_01_standard.jpg
100020,1/10/2025,AD-2588-D,Running Watch Strap,Accessories,North America,Retail,5,40.69,0,203.45,38.34,16,Male,Debit Card,https://assets.adidas.com/images/w_940%2Cf_auto%2Cq_auto/bfdb966c006f4a02a9b6ad0e00a5b1b4_9366/Running_Strap_Black_HN5572_01_standard.jpg
100646,1/15/2023,AD-3873-C,Stan Smith,Footwear,Latin America,Retail,4,86.95,0,347.8,60.89,24,Female,Cash,https://assets.adidas.com/images/w_600%2Cf_auto%2Cq_auto/69721f2e7c934d909168a80e00818569_9366/Stan_Smith_Shoes_White_M20324_01_standard.jpg
101154,7/13/2023,AD-1817-B,Primegreen Jacket,Apparel,North America,Retail,3,143.54,20,344.5,84.76,28,Male,Debit Card,"https://assets.adidas.com/images/c_fill,g_auto,w_1200,h_630,f_auto,q_auto/w_600,f_auto,q_auto/8d7b43159e2643c08d3fad250061730c_9366/Essentials_Warm-Up_3-Stripes_Track_Jacket_Black_H46099_01_laydown.jpg"
100831,3/17/2025,AD-1487-D,Adicolor Hoodie,Apparel,Europe,Outlet,2,72.96,10,131.33,39.22,17,Female,Cash,https://assets.adidas.com/images/w_940%2Cf_auto%2Cq_auto/cb64f14e00914389b9790ba55a528715_9366/JW5965_21_model.jpg
100562,12/11/2023,AD-9221-D,Superstar,Footwear,Asia-Pacific,Retail,3,99.23,5,282.81,65.96,33,Male,Apple Pay,https://footdistrict.com/cdn/shop/files/sneakers-adidas-originals-superstar-eg4958-0.jpg
101170,5/13/2024,AD-1871-D,Tiro 23 Track Pants,Apparel,North America,Retail,2,62.77,10,112.99,24.42,35,Male,Debit Card,https://assets.adidas.com/images/w_600%2Cf_auto%2Cq_auto/d02df6c17bf34147ae3faef5011f4841_9366/Tiro_23_League_Training_Pants_Black_HS7230_01_laydown.jpg
100686,10/15/2023,AD-5835-B,Predator Freak,Footwear,Europe,Online,4,230.61,10,830.2,213.75,34,Female,UPI,https://www.soccervillage.com/mm5/graphics/00000001/1/fy0610_g01.jpg
100957,10/12/2024,AD-8827-A,Training Shorts,Apparel,Asia-Pacific,Wholesale,4,30.19,0,120.76,33.52,18,Female,UPI,https://assets.adidas.com/images/w_600%2Cf_auto%2Cq_auto/14732790a86d43329cf8df8f1c77367e_9366/Designed_for_Training_Workout_Shorts_Black_IK9723_01_laydown.jpg
100189,9/18/2024,AD-7708-A,Superstar,Footwear,Europe,Retail,1,79.48,10,71.53,20.5,29,Male,Apple Pay,https://footdistrict.com/cdn/shop/files/sneakers-adidas-originals-superstar-eg4958-0.jpg
100975,9/13/2024,AD-3094-D,Adilette Slides,Footwear,Latin America,Outlet,4,37.32,0,149.28,45.58,21,Female,Credit Card,https://assets.adidas.com/images/w_600%2Cf_auto%2Cq_auto/69e60b96568f41ac8fa4afd3012d46e3_9366/Adilette_Aqua_Slides_Black_IF7371_01_standard.jpg
100699,4/26/2024,AD-4085-D,Sports Bottle,Accessories,Europe,Online,4,15.21,0,60.84,25.41,26,Female,Debit Card,https://assets.adidas.com/images/w_940%2Cf_auto%2Cq_auto/dffb7992446842a98f73aa860118cfee_9366/FM9931_01_00_standard.jpg
100510,6/30/2023,AD-8972-C,Originals Backpack,Accessories,Middle East & Africa,Outlet,2,64.86,5,123.23,52.24,39,Male,Cash,https://assets.adidas.com/images/w_940%2Cf_auto%2Cq_auto/6e58dbe12eed418ba809246a19b2bd7d_9366/IU0178_01_00_standard.jpg
101082,3/8/2023,AD-4937-C,Adilette Slides,Footwear,Asia-Pacific,Online,2,36.95,0,73.9,19.08,33,Female,Credit Card,https://assets.adidas.com/images/w_600%2Cf_auto%2Cq_auto/69e60b96568f41ac8fa4afd3012d46e3_9366/Adilette_Aqua_Slides_Black_IF7371_01_standard.jpg
100474,4/10/2025,AD-7732-A,Z.N.E. Hoodie,Apparel,Europe,Retail,1,110.04,0,110.04,35.72,37,Male,PayPal,https://assets.adidas.com/images/w_940%2Cf_auto%2Cq_auto/513a21b39fd644cf83561016dfa26f68_9366/JE7537_21_model.jpg
100856,2/16/2024,AD-1394-C,Running Watch Strap,Accessories,Latin America,Online,6,37.8,10,204.12,55.31,25,Male,Apple Pay,https://assets.adidas.com/images/w_940%2Cf_auto%2Cq_auto/bfdb966c006f4a02a9b6ad0e00a5b1b4_9366/Running_Strap_Black_HN5572_01_standard.jpg
100747,6/20/2025,AD-3897-C,Stan Smith,Footwear,Europe,Online,2,82.82,5,157.36,60.14,32,Male,Credit Card,https://assets.adidas.com/images/w_600%2Cf_auto%2Cq_auto/69721f2e7c934d909168a80e00818569_9366/Stan_Smith_Shoes_White_M20324_01_standard.jpg
100252,7/20/2023,AD-5216-D,Z.N.E. Hoodie,Apparel,Asia-Pacific,Online,2,113.39,20,181.42,50.12,25,Female,Cash,https://assets.adidas.com/images/w_940%2Cf_auto%2Cq_auto/513a21b39fd644cf83561016dfa26f68_9366/JE7537_21_model.jpg
100021,12/29/2023,AD-1993-D,Originals Backpack,Accessories,Latin America,Online,2,59.87,5,113.75,38.02,49,Female,Debit Card,https://assets.adidas.com/images/w_940%2Cf_auto%2Cq_auto/6e58dbe12eed418ba809246a19b2bd7d_9366/IU0178_01_00_standard.jpg
100459,5/21/2025,AD-4234-D,Sports Bottle,Accessories,Europe,Online,3,15.32,5,43.66,12.27,23,Male,Debit Card,https://assets.adidas.com/images/w_940%2Cf_auto%2Cq_auto/dffb7992446842a98f73aa860118cfee_9366/FM9931_01_00_standard.jpg
100276,10/15/2023,AD-1440-D,Primegreen Jacket,Apparel,Middle East & Africa,Online,2,143.68,5,272.99,91.18,27,Other,PayPal,"https://assets.adidas.com/images/c_fill,g_auto,w_1200,h_630,f_auto,q_auto/w_600,f_auto,q_auto/8d7b43159e2643c08d3fad250061730c_9366/Essentials_Warm-Up_3-Stripes_Track_Jacket_Black_H46099_01_laydown.jpg"
100955,9/20/2025,AD-3039-D,Training Shorts,Apparel,Europe,Wholesale,3,30.31,5,86.38,20.21,30,Male,Credit Card,https://assets.adidas.com/images/w_600%2Cf_auto%2Cq_auto/14732790a86d43329cf8df8f1c77367e_9366/Designed_for_Training_Workout_Shorts_Black_IK9723_01_laydown.jpg
100385,5/15/2024,AD-3679-C,NMD_R1,Footwear,Middle East & Africa,Retail,3,130.16,5,370.96,126.59,23,Female,Cash,https://assets.adidas.com/images/w_940%2Cf_auto%2Cq_auto/8563f8e2e30a4df4821eae1e002e3dc9_9366/GW5698_01_00_standard.jpg
100805,10/25/2023,AD-5921-B,Performance Socks (3-pack),Accessories,Latin America,Retail,3,16.39,5,46.71,12.19,23,Male,PayPal,https://assets.adidas.com/images/w_940%2Cf_auto%2Cq_auto/717ff966f0854fe089472eb7a83debd8_9366/JC6446_03_standard_hover.jpg
100343,7/28/2025,AD-2506-C,Superstar,Footwear,North America,Outlet,2,96.12,10,173.02,65.85,37,Male,PayPal,https://footdistrict.com/cdn/shop/files/sneakers-adidas-originals-superstar-eg4958-0.jpg
100769,12/17/2024,AD-6947-D,Stan Smith,Footwear,Europe,Retail,3,79.71,5,227.17,58.6,35,Female,PayPal,https://assets.adidas.com/images/w_600%2Cf_auto%2Cq_auto/69721f2e7c934d909168a80e00818569_9366/Stan_Smith_Shoes_White_M20324_01_standard.jpg
100130,11/12/2024,AD-2527-D,Essentials Tee,Apparel,North America,Wholesale,2,25.2,5,47.88,13.03,27,Male,Debit Card,https://shop.simon.com/cdn/shop/files/3f84ca8be8d64d3fb9b66db4a3b02046.jpg
100871,4/27/2025,AD-3044-D,NMD_R1,Footwear,North America,Retail,5,127.61,5,606.15,149.27,30,Female,Credit Card,https://assets.adidas.com/images/w_940%2Cf_auto%2Cq_auto/8563f8e2e30a4df4821eae1e002e3dc9_9366/GW5698_01_00_standard.jpg
101123,7/23/2025,AD-4445-D,Adilette Slides,Footwear,Europe,Online,3,33.9,5,96.61,33.52,20,Male,Debit Card,https://assets.adidas.com/images/w_600%2Cf_auto%2Cq_auto/69e60b96568f41ac8fa4afd3012d46e3_9366/Adilette_Aqua_Slides_Black_IF7371_01_standard.jpg
100087,2/20/2025,AD-9056-A,Copa Sense,Footwear,Asia-Pacific,Outlet,2,149.85,5,284.71,83.89,21,Male,Apple Pay,https://res.cloudinary.com/dtc2q8arn/image/upload/v1727704399/Batch%204_5/GZ1370/GZ1370_1_FOOTWEAR_Photography_Side_Lateral_Center_View_grey_ooqo8x.jpg
100330,12/2/2023,AD-4974-D,Superstar,Footwear,North America,Online,4,95.63,0,382.52,105.82,32,Female,NetBanking,https://footdistrict.com/cdn/shop/files/sneakers-adidas-originals-superstar-eg4958-0.jpg
100466,7/10/2024,AD-3193-D,Sports Bottle,Accessories,Asia-Pacific,Online,3,14.54,5,41.44,13.54,36,Male,NetBanking,https://assets.adidas.com/images/w_940%2Cf_auto%2Cq_auto/dffb7992446842a98f73aa860118cfee_9366/FM9931_01_00_standard.jpg
100121,3/16/2025,AD-4538-B,Z.N.E. Hoodie,Apparel,North America,Retail,4,104.11,20,333.15,86.57,43,Male,UPI,https://assets.adidas.com/images/w_940%2Cf_auto%2Cq_auto/513a21b39fd644cf83561016dfa26f68_9366/JE7537_21_model.jpg
101044,12/14/2024,AD-7512-D,Predator Freak,Footwear,Middle East & Africa,Online,2,220.12,5,418.23,108.68,36,Female,UPI,https://www.soccervillage.com/mm5/graphics/00000001/1/fy0610_g01.jpg
101095,6/12/2023,AD-6716-D,Running Watch Strap,Accessories,North America,Online,2,45.97,5,87.34,28.46,40,Male,Debit Card,https://assets.adidas.com/images/w_940%2Cf_auto%2Cq_auto/bfdb966c006f4a02a9b6ad0e00a5b1b4_9366/Running_Strap_Black_HN5572_01_standard.jpg
101130,6/19/2023,AD-6222-A,Adilette Slides,Footwear,Europe,Outlet,3,31,0,93,28.22,34,Male,NetBanking,https://assets.adidas.com/images/w_600%2Cf_auto%2Cq_auto/69e60b96568f41ac8fa4afd3012d46e3_9366/Adilette_Aqua_Slides_Black_IF7371_01_standard.jpg
100860,9/3/2023,AD-5412-A,NMD_R1,Footwear,Europe,Retail,4,142.77,0,571.08,170.99,40,Male,Debit Card,https://assets.adidas.com/images/w_940%2Cf_auto%2Cq_auto/8563f8e2e30a4df4821eae1e002e3dc9_9366/GW5698_01_00_standard.jpg
101126,8/6/2025,AD-4543-C,Stan Smith,Footwear,North America,Online,6,72.03,20,345.74,94.24,31,Male,PayPal,https://assets.adidas.com/images/w_600%2Cf_auto%2Cq_auto/69721f2e7c934d909168a80e00818569_9366/Stan_Smith_Shoes_White_M20324_01_standard.jpg
